/**
 * Marlin 3D Printer Firmware
 * Copyright (c) 2020 MarlinFirmware [https://github.com/MarlinFirmware/Marlin]
 *
 * Based on Sprinter and grbl.
 * Copyright (c) 2011 Camiel Gubbels / Erik van der Zalm
 *
 * This program is free software: you can redistribute it and/or modify
 * it under the terms of the GNU General Public License as published by
 * the Free Software Foundation, either version 3 of the License, or
 * (at your option) any later version.
 *
 * This program is distributed in the hope that it will be useful,
 * but WITHOUT ANY WARRANTY; without even the implied warranty of
 * MERCHANTABILITY or FITNESS FOR A PARTICULAR PURPOSE.  See the
 * GNU General Public License for more details.
 *
 * You should have received a copy of the GNU General Public License
 * along with this program.  If not, see <https://www.gnu.org/licenses/>.
 *
 */
/*******************************************************************************
* generated by lcd-image-converter rev.030b30d from 2019-03-17 01:38:34 +0500
* image
* filename: unsaved
* name: MiU-195x59
*
* preset name: Color R5G6B5
* data block size: 16 bit(s), uint16_t
* RLE compression enabled: no
* conversion type: Color, not_used not_used
* split to rows: yes
* bits per pixel: 16
*
* preprocess:
*  main scan direction: top_to_bottom
*  line scan direction: forward
*  inverse: no
*******************************************************************************/

/*
 typedef struct {
     const uint16_t *data;
     uint16_t width;
     uint16_t height;
     uint8_t dataSize;
     } tImage;
*/
#include <stdint.h>


#include "../../../inc/MarlinConfigPre.h"

#if ALL(HAS_GRAPHICAL_TFT, SHOW_BOOTSCREEN)

#include "../tft_image.h"

const uint16_t marlin_logo_195x59x16[11505] = {
    // •••••••••••••------------------------------------------------------------------------------------------------------------------------------------------------------------------------------••••••••
    // •••••••••••••------------------------------------------------------------------------------------------------------------------------------------------------------------------------------••••••••
    // •••••••••••••-------------------------------------------------------------------------------------••---------------------------------------------------------------------------------------••••••••
    // •••••••••••••-------------------------------------------------------------------------------------•••--------------------------------------------------------------------------------------••••••••
    // •••••••••••••-------------------------------------------------------------------------------------••••-------------------------------------------------------------------------------------••••••••
    // •••••••••••••-------------------------------------------------------------------------------------•••••------------------------------------------------------------------------------------••••••••
    // •••••••••••••--------------------------------------------------------------------------------------•••••-----------------------------------------------------------------------------------••••••••
    // •••••••••••••---------------------------------------------------------------------------------------•••••----------------------------------------------------------------------------------••••••••
    // •••••••••••••-----------------------------------------------------------------------------------•----•••••---------------------------------------------------------------------------------••••••••
    // •••••••••••••----------------------------------------------------------------------------------••-----•••••--------------------------------------------------------------------------------••••••••
    // •••••••••••••---------------------------------------------------------------------------------•••------•••••-------------------------------------------------------------------------------••••••••
    // •••••••••••••-------------------------------------------------------------------------------•••••-------••••-------------------------------------------------------------------------------••••••••
    // •••••••••••••-------------------------------------------------------------------------------••••---------••••------------------------------------------------------------------------------••••••••
    // •••••••••••••--------------------------------------------------------------------------------••-----------•••------------------------------------------------------------------------------••••••••
    // •••••••••••••----------------------------------------------------------------------------------------------•••-----------------------------------------------------------------------------••••••••
    // •••••••••••••---------------------------------------------------------------------------•------------------•••-----------------------------------------------------------------------------••••••••
    // ••••••••••••---------------------------------------------------------------------------•••------------------••-----------------------------------------------------------------------------••••••••
    // •••••••••••••-------------------------------------------------------------------------•••••-----------------•••----------------------------------------------------------------------------••••••••
    // •••••••••••••-------------------------------------------------------------------------•••--•----------------•••----------------------------------------------------------------------------••••••••
    // •••••••••••••-------------------------------------------------------------------------••----•----------------••----------------------------------------------------------------------------••••••••
    // •••••••••••••--------------------------------------------------------------------------------•---------------••----------------------------------------------------------------------------••••••••
    // •••••••••••••---------------------------------------------------------------------------------•--------------••----------------------------------------------------------------------------••••••••
    // •••••••••••••----------------------------------------------------------------------------------•-------------••----------------------------------------------------------------------------••••••••
    // •••••••••••••-----------------------------------------------------------------------------------•------------••----------------------------------------------------------------------------••••••••
    // •••••••••••••------------------------------------------------------------------------------------•-----------••----------------------------------------------------------------------------••••••••
    // •••••••••••••-------------------------------------------------------------------------------------•----------••----------------------------------------------------------------------------••••••••
    // •••••••••••••--------------------------------------------------------------------------------------•---------•-----------------------------------------------------------------------------••••••••
    // •••••••••••••---------------------------------------------------------------------------------------•--------•-----------------------------------------------------------------------------••••••••
    // •••••••••••••----------------------------------------------------------------------------------------•-------------------------------------------------------------------------------------••••••••
    // •••••••••••••-----------------------------------------------------------------------------------------•------------------------------------------------------------------------------------••••••••
    // ••••••••••••-------------------------------------------------------------------------------------------•-----------------------------------------------------------------------------------••••••••
    // ••••••••••••--------------------------------------------------------------------------------------------•----------------------------------------------------------------------------------••••••••
    // •••••••••••••---------------------------------------------------------------------------•--------------------------------------------------------------------------------------------------••••••••
    // •••••••••••••---------------------------------------------------------------------------•--------------------------------------------------------------------------------------------------••••••••
    // •••••••••••••--------------------------------------------------------------------------•---------------------------------------------------------------------------------------------------••••••••
    // •••••••••••••------------------------------------------------------------------------••----------------------------------------------------------------------------------------------------••••••••
    // •••••••••••••-----------------------------------------------------------------------••-----------------------•-----------------------------------------------------------------------------••••••••
    // •••••••••••••-----------------------------------------------------------------------•-------------------------•----------------------------------------------------------------------------••••••••
    // •••••••••••••----------------------------------------------------------------------•-------------------------------------------------------------------------------------------------------••••••••
    // •••••••••••••---------------------------------------------------------------------••••••••••••••••••••••••••••-•---------------------------------------------------------------------------••••••••
    // •••••••••••••---------------------------------------------------------------------••-----------•••••••••••----•••--------------------------------------------------------------------------••••••••
    // •••••••••••••------------------------------------------------------------------------------------------------------------------------------------------------------------------------------••••••••
    // •••••••••••••------------------------------------------------------------------------------------------------------------------------------------------------------------------------------••••••••
    // •••••••••••••------------------------------------------------------------------------------------------------------------------------------------------------------------------------------••••••••
    // •••••••••••••------------------------------------------------------------------------------------------------------------------------------------------------------------------------------••••••••
    // •••••••••••••------------------------------------------------------------------------------------------------------------------------------------------------------------------------------••••••••
    // •••••••••••••------------------------------------------------------•----------------------------------------------------------------------••-----------------------------------------------••••••••
    // •••••••••••••--------------------------------------------•---------•-------•------------------------------------------•---------••---------•-----------------------------------------------••••••••
    // ••••••••••••-------------------------------------------------------•--------•---------------------------------------------------•----------•-----------------------------------------------••••••••
    // •••••••••••••------------------------------------------------------•------------------------------------------------------------•----------•-----------------------------------------------••••••••
    // •••••••••••••------------------------------------•---•-------••----•---•---------•----------------------------------------------•---------••----•••----------------------------------------••••••••
    // •••••••••••••------------------------------------•---•-------••----•------------------------------------------------------------•----------•-----------------------------------------------••••••••
    // •••••••••••••------------------------------------•---•-------••----•----------------•-------------------------------------------•----------•-----------------------------------------------••••••••
    // •••••••••••••------------------------------------•---•-------------••••••-----------••------------------••-------•---•----------•----------•-----------------------------------------------••••••••
    // •••••••••••••------------------------------------•---•-------------•---••--------•••••-------------------••----•-•---•••••-••---•••-••••---•-----------------------------------------------••••••••
    // •••••••••••••------------------------------------•---•-------------•---------------------------•----------•----------••-----•---••-----•---•-----------------------------------------------••••••••
    // •••••••••••••------------------------------------•---•-------------•----------------------------•--------------------•----------•----------•---•-------------------------------------------••••••••
    // •••••••••••••------------------------------------•---•-------••----•------------------------------------------------------------•----------•---••------------------------------------------••••••••
    // •••••••••••••------------------------------------------------------------------------------------------------------------------------------------------------------------------------------••••••••
    0x8000, 0x8000, 0x8000, 0x8000, 0x8000, 0x8000, 0x8000, 0x8800, 0x8800, 0x8800, 0x8800, 0x8800, 0x8800, 0x9020, 0x9020, 0x9020, 0x9020, 0x9820, 0x9820, 0x9821, 0xa041, 0xa041, 0xa041, 0xa041, 0xa841, 0xa861, 0xa861, 0xb061, 0xb062, 0xb062, 0xb882, 0xb882, 0xb882, 0xc082, 0xc082, 0xc082, 0xc8a2, 0xc8a3, 0xc8a3, 0xd0a3, 0xd0a3, 0xd0c3, 0xd0c3, 0xd8c3, 0xd8c3, 0xd8c3, 0xe0e3, 0xe0e4, 0xe0e4, 0xe0e4, 0xe0e4, 0xe8e4, 0xe8e4, 0xe8e4, 0xe904, 0xe904, 0xe904, 0xe904, 0xe904, 0xe904, 0xe904, 0xe904, 0xe904, 0xe904, 0xe904, 0xe904, 0xe904, 0xe904, 0xe904, 0xe904, 0xe904, 0xe904, 0xe904, 0xe904, 0xe904, 0xe904, 0xe904, 0xe904, 0xe904, 0xe904, 0xe904, 0xe904, 0xe904, 0xe904, 0xe904, 0xe904, 0xe904, 0xe904, 0xe904, 0xe904, 0xe904, 0xe904, 0xe904, 0xe904, 0xe904, 0xe904, 0xe904, 0xe104, 0xe944, 0xe904, 0xe904, 0xe904, 0xe904, 0xe904, 0xe904, 0xe904, 0xe904, 0xe904, 0xe904, 0xe904, 0xe904, 0xe904, 0xe904, 0xe904, 0xe904, 0xe904, 0xe904, 0xe904, 0xe904, 0xe904, 0xe904, 0xe904, 0xe904, 0xe904, 0xe904, 0xe904, 0xe904, 0xe904, 0xe904, 0xe904, 0xe904, 0xe904, 0xe904, 0xe904, 0xe904, 0xe904, 0xe904, 0xe904, 0xe904, 0xe904, 0xe904, 0xe904, 0xe904, 0xe904, 0xe904, 0xe904, 0xe904, 0xe904, 0xe8e4, 0xe8e4, 0xe8e4, 0xe0e4, 0xe0e4, 0xe0e4, 0xe0e3, 0xd8c3, 0xd8c3, 0xd8c3, 0xd8c3, 0xd0c3, 0xd0a3, 0xd0a3, 0xc8a3, 0xc8a3, 0xc8a2, 0xc082, 0xc082, 0xc082, 0xb882, 0xb882, 0xb062, 0xb062, 0xb061, 0xa861, 0xa841, 0xa841, 0xa041, 0xa041, 0xa041, 0x9821, 0x9821, 0x9820, 0x9820, 0x9020, 0x9020, 0x9020, 0x9000, 0x8800, 0x8800, 0x8800, 0x8800, 0x8800, 0x8000, 0x8000, 0x8000, 
    0x8000, 0x8000, 0x8000, 0x8000, 0x8000, 0x8000, 0x8000, 0x8800, 0x8800, 0x8800, 0x8800, 0x8800, 0x8800, 0x9020, 0x9020, 0x9020, 0x9020, 0x9820, 0x9820, 0x9821, 0xa041, 0xa041, 0xa041, 0xa041, 0xa841, 0xa861, 0xa861, 0xb061, 0xb062, 0xb062, 0xb882, 0xb882, 0xb882, 0xc082, 0xc082, 0xc082, 0xc8a2, 0xc8a3, 0xc8a3, 0xd0a3, 0xd0a3, 0xd0c3, 0xd0c3, 0xd8c3, 0xd8c3, 0xd8c3, 0xe0e3, 0xe0e4, 0xe0e4, 0xe0e4, 0xe0e4, 0xe8e4, 0xe8e4, 0xe8e4, 0xe904, 0xe904, 0xe904, 0xe904, 0xe904, 0xe904, 0xe904, 0xe904, 0xe904, 0xe904, 0xe904, 0xe904, 0xe904, 0xe904, 0xe904, 0xe904, 0xe904, 0xe904, 0xe904, 0xe904, 0xe904, 0xe904, 0xe904, 0xe904, 0xe904, 0xe904, 0xe904, 0xe904, 0xe904, 0xe904, 0xe904, 0xe904, 0xe904, 0xe904, 0xe904, 0xe904, 0xe904, 0xe904, 0xe904, 0xe904, 0xe904, 0xe904, 0xe904, 0xb8c3, 0x4a03, 0xd406, 0xe1e5, 0xe904, 0xe904, 0xe904, 0xe904, 0xe904, 0xe904, 0xe904, 0xe904, 0xe904, 0xe904, 0xe904, 0xe904, 0xe904, 0xe904, 0xe904, 0xe904, 0xe904, 0xe904, 0xe904, 0xe904, 0xe904, 0xe904, 0xe904, 0xe904, 0xe904, 0xe904, 0xe904, 0xe904, 0xe904, 0xe904, 0xe904, 0xe904, 0xe904, 0xe904, 0xe904, 0xe904, 0xe904, 0xe904, 0xe904, 0xe904, 0xe904, 0xe904, 0xe904, 0xe904, 0xe904, 0xe904, 0xe904, 0xe8e4, 0xe8e4, 0xe8e4, 0xe0e4, 0xe0e4, 0xe0e4, 0xe0e3, 0xd8c3, 0xd8c3, 0xd8c3, 0xd8c3, 0xd0c3, 0xd0a3, 0xd0a3, 0xc8a3, 0xc8a3, 0xc8a2, 0xc082, 0xc082, 0xc082, 0xb882, 0xb882, 0xb062, 0xb062, 0xb061, 0xa861, 0xa841, 0xa841, 0xa041, 0xa041, 0xa041, 0x9821, 0x9821, 0x9820, 0x9820, 0x9020, 0x9020, 0x9020, 0x9000, 0x8800, 0x8800, 0x8800, 0x8800, 0x8800, 0x8000, 0x8000, 0x8000, 
    0x8000, 0x8000, 0x8000, 0x8000, 0x8000, 0x8000, 0x8000, 0x8800, 0x8800, 0x8800, 0x8800, 0x8800, 0x8800, 0x9020, 0x9020, 0x9020, 0x9020, 0x9820, 0x9820, 0x9821, 0xa041, 0xa041, 0xa041, 0xa041, 0xa841, 0xa861, 0xa861, 0xb061, 0xb062, 0xb062, 0xb882, 0xb882, 0xb882, 0xc082, 0xc082, 0xc082, 0xc8a2, 0xc8a3, 0xc8a3, 0xd0a3, 0xd0a3, 0xd0c3, 0xd0c3, 0xd8c3, 0xd8c3, 0xd8c3, 0xe0e3, 0xe0e4, 0xe0e4, 0xe0e4, 0xe0e4, 0xe8e4, 0xe8e4, 0xe8e4, 0xe904, 0xe904, 0xe904, 0xe904, 0xe904, 0xe904, 0xe904, 0xe904, 0xe904, 0xe904, 0xe904, 0xe904, 0xe904, 0xe904, 0xe904, 0xe904, 0xe904, 0xe904, 0xe904, 0xe904, 0xe904, 0xe904, 0xe904, 0xe904, 0xe904, 0xe904, 0xe904, 0xe904, 0xe904, 0xe904, 0xe904, 0xe904, 0xe904, 0xe904, 0xe904, 0xe904, 0xe904, 0xe904, 0xe904, 0xe904, 0xe904, 0xe904, 0xe904, 0xb8c3, 0x0020, 0x2941, 0xc564, 0xe465, 0xe984, 0xe904, 0xe904, 0xe904, 0xe904, 0xe904, 0xe904, 0xe904, 0xe904, 0xe904, 0xe904, 0xe904, 0xe904, 0xe904, 0xe904, 0xe904, 0xe904, 0xe904, 0xe904, 0xe904, 0xe904, 0xe904, 0xe904, 0xe904, 0xe904, 0xe904, 0xe904, 0xe904, 0xe904, 0xe904, 0xe904, 0xe904, 0xe904, 0xe904, 0xe904, 0xe904, 0xe904, 0xe904, 0xe904, 0xe904, 0xe904, 0xe904, 0xe904, 0xe904, 0xe904, 0xe904, 0xe8e4, 0xe8e4, 0xe8e4, 0xe0e4, 0xe0e4, 0xe0e4, 0xe0e3, 0xd8c3, 0xd8c3, 0xd8c3, 0xd8c3, 0xd0c3, 0xd0a3, 0xd0a3, 0xc8a3, 0xc8a3, 0xc8a2, 0xc082, 0xc082, 0xc082, 0xb882, 0xb882, 0xb062, 0xb062, 0xb061, 0xa861, 0xa841, 0xa841, 0xa041, 0xa041, 0xa041, 0x9821, 0x9821, 0x9820, 0x9820, 0x9020, 0x9020, 0x9020, 0x9000, 0x8800, 0x8800, 0x8800, 0x8800, 0x8800, 0x8000, 0x8000, 0x8000, 
    0x8000, 0x8000, 0x8000, 0x8000, 0x8000, 0x8000, 0x8000, 0x8800, 0x8800, 0x8800, 0x8800, 0x8800, 0x8800, 0x9020, 0x9020, 0x9020, 0x9020, 0x9820, 0x9820, 0x9821, 0xa041, 0xa041, 0xa041, 0xa041, 0xa841, 0xa861, 0xa861, 0xb061, 0xb062, 0xb062, 0xb882, 0xb882, 0xb882, 0xc082, 0xc082, 0xc082, 0xc8a2, 0xc8a3, 0xc8a3, 0xd0a3, 0xd0a3, 0xd0c3, 0xd0c3, 0xd8c3, 0xd8c3, 0xd8c3, 0xe0e3, 0xe0e4, 0xe0e4, 0xe0e4, 0xe0e4, 0xe8e4, 0xe8e4, 0xe8e4, 0xe904, 0xe904, 0xe904, 0xe904, 0xe904, 0xe904, 0xe904, 0xe904, 0xe904, 0xe904, 0xe904, 0xe904, 0xe904, 0xe904, 0xe904, 0xe904, 0xe904, 0xe904, 0xe904, 0xe904, 0xe904, 0xe904, 0xe904, 0xe904, 0xe904, 0xe904, 0xe904, 0xe904, 0xe904, 0xe904, 0xe904, 0xe904, 0xe904, 0xe904, 0xe904, 0xe904, 0xe904, 0xe904, 0xe904, 0xe904, 0xe904, 0xe904, 0xe904, 0xb8c3, 0x0020, 0x0020, 0x18a1, 0xaca4, 0xe5e4, 0xeb64, 0xe904, 0xe904, 0xe904, 0xe904, 0xe904, 0xe904, 0xe904, 0xe904, 0xe904, 0xe904, 0xe904, 0xe904, 0xe904, 0xe904, 0xe904, 0xe904, 0xe904, 0xe904, 0xe904, 0xe904, 0xe904, 0xe904, 0xe904, 0xe904, 0xe904, 0xe904, 0xe904, 0xe904, 0xe904, 0xe904, 0xe904, 0xe904, 0xe904, 0xe904, 0xe904, 0xe904, 0xe904, 0xe904, 0xe904, 0xe904, 0xe904, 0xe904, 0xe904, 0xe904, 0xe8e4, 0xe8e4, 0xe8e4, 0xe0e4, 0xe0e4, 0xe0e4, 0xe0e3, 0xd8c3, 0xd8c3, 0xd8c3, 0xd8c3, 0xd0c3, 0xd0a3, 0xd0a3, 0xc8a3, 0xc8a3, 0xc8a2, 0xc082, 0xc082, 0xc082, 0xb882, 0xb882, 0xb062, 0xb062, 0xb061, 0xa861, 0xa841, 0xa841, 0xa041, 0xa041, 0xa041, 0x9821, 0x9821, 0x9820, 0x9820, 0x9020, 0x9020, 0x9020, 0x9000, 0x8800, 0x8800, 0x8800, 0x8800, 0x8800, 0x8000, 0x8000, 0x8000, 
    0x8000, 0x8000, 0x8000, 0x8000, 0x8000, 0x8000, 0x8000, 0x8800, 0x8800, 0x8800, 0x8800, 0x8800, 0x8800, 0x9020, 0x9020, 0x9020, 0x9020, 0x9820, 0x9820, 0x9821, 0xa041, 0xa041, 0xa041, 0xa041, 0xa841, 0xa861, 0xa861, 0xb061, 0xb062, 0xb062, 0xb882, 0xb882, 0xb882, 0xc082, 0xc082, 0xc082, 0xc8a2, 0xc8a3, 0xc8a3, 0xd0a3, 0xd0a3, 0xd0c3, 0xd0c3, 0xd8c3, 0xd8c3, 0xd8c3, 0xe0e3, 0xe0e4, 0xe0e4, 0xe0e4, 0xe0e4, 0xe8e4, 0xe8e4, 0xe8e4, 0xe904, 0xe904, 0xe904, 0xe904, 0xe904, 0xe904, 0xe904, 0xe904, 0xe904, 0xe904, 0xe904, 0xe904, 0xe904, 0xe904, 0xe904, 0xe904, 0xe904, 0xe904, 0xe904, 0xe904, 0xe904, 0xe904, 0xe904, 0xe904, 0xe904, 0xe904, 0xe904, 0xe904, 0xe904, 0xe904, 0xe904, 0xe904, 0xe904, 0xe904, 0xe904, 0xe904, 0xe904, 0xe904, 0xe904, 0xe904, 0xe904, 0xe904, 0xe904, 0xb0c3, 0x0020, 0x0020, 0x0020, 0x0841, 0x8ba3, 0xe624, 0xe524, 0xe9e4, 0xe904, 0xe904, 0xe904, 0xe904, 0xe904, 0xe904, 0xe904, 0xe904, 0xe904, 0xe904, 0xe904, 0xe904, 0xe904, 0xe904, 0xe904, 0xe904, 0xe904, 0xe904, 0xe904, 0xe904, 0xe904, 0xe904, 0xe904, 0xe904, 0xe904, 0xe904, 0xe904, 0xe904, 0xe904, 0xe904, 0xe904, 0xe904, 0xe904, 0xe904, 0xe904, 0xe904, 0xe904, 0xe904, 0xe904, 0xe904, 0xe904, 0xe904, 0xe8e4, 0xe8e4, 0xe8e4, 0xe0e4, 0xe0e4, 0xe0e4, 0xe0e3, 0xd8c3, 0xd8c3, 0xd8c3, 0xd8c3, 0xd0c3, 0xd0a3, 0xd0a3, 0xc8a3, 0xc8a3, 0xc8a2, 0xc082, 0xc082, 0xc082, 0xb882, 0xb882, 0xb062, 0xb062, 0xb061, 0xa861, 0xa841, 0xa841, 0xa041, 0xa041, 0xa041, 0xa021, 0x9821, 0x9820, 0x9820, 0x9020, 0x9020, 0x9020, 0x9000, 0x8800, 0x8800, 0x8800, 0x8800, 0x8800, 0x8000, 0x8000, 0x8000, 
    0x8000, 0x8000, 0x8000, 0x8000, 0x8000, 0x8000, 0x8000, 0x8800, 0x8800, 0x8800, 0x8800, 0x8800, 0x8800, 0x9020, 0x9020, 0x9020, 0x9020, 0x9820, 0x9820, 0x9821, 0xa041, 0xa041, 0xa041, 0xa041, 0xa841, 0xa861, 0xa861, 0xb061, 0xb062, 0xb062, 0xb882, 0xb882, 0xb882, 0xc082, 0xc082, 0xc082, 0xc8a2, 0xc8a3, 0xc8a3, 0xd0a3, 0xd0a3, 0xd0c3, 0xd0c3, 0xd8c3, 0xd8c3, 0xd8c3, 0xe0e3, 0xe0e4, 0xe0e4, 0xe0e4, 0xe0e4, 0xe8e4, 0xe8e4, 0xe8e4, 0xe904, 0xe904, 0xe904, 0xe904, 0xe904, 0xe904, 0xe904, 0xe904, 0xe904, 0xe904, 0xe904, 0xe904, 0xe904, 0xe904, 0xe904, 0xe904, 0xe904, 0xe904, 0xe904, 0xe904, 0xe904, 0xe904, 0xe904, 0xe904, 0xe904, 0xe904, 0xe904, 0xe904, 0xe904, 0xe904, 0xe904, 0xe904, 0xe904, 0xe904, 0xe9e4, 0xe4c5, 0xe384, 0xea24, 0xe904, 0xe904, 0xe904, 0xe904, 0xe904, 0xb8c3, 0x0020, 0x0020, 0x0020, 0x0020, 0x0020, 0x7302, 0xe624, 0xe604, 0xeb24, 0xe904, 0xe904, 0xe904, 0xe904, 0xe904, 0xe904, 0xe904, 0xe904, 0xe904, 0xe904, 0xe904, 0xe904, 0xe904, 0xe904, 0xe904, 0xe904, 0xe904, 0xe904, 0xe904, 0xe904, 0xe904, 0xe904, 0xe904, 0xe904, 0xe904, 0xe904, 0xe904, 0xe904, 0xe904, 0xe904, 0xe904, 0xe904, 0xe904, 0xe904, 0xe904, 0xe904, 0xe904, 0xe904, 0xe904, 0xe904, 0xe904, 0xe8e4, 0xe8e4, 0xe8e4, 0xe0e4, 0xe0e4, 0xe0e4, 0xe0e3, 0xd8c3, 0xd8c3, 0xd8c3, 0xd8c3, 0xd0c3, 0xd0a3, 0xd0a3, 0xc8a3, 0xc8a3, 0xc8a2, 0xc082, 0xc082, 0xc082, 0xb882, 0xb882, 0xb062, 0xb062, 0xb061, 0xa861, 0xa841, 0xa841, 0xa041, 0xa041, 0xa041, 0x9821, 0x9821, 0x9820, 0x9820, 0x9020, 0x9020, 0x9020, 0x9000, 0x8800, 0x8800, 0x8800, 0x8800, 0x8800, 0x8000, 0x8000, 0x8000, 
    0x8000, 0x8000, 0x8000, 0x8000, 0x8000, 0x8000, 0x8000, 0x8800, 0x8800, 0x8800, 0x8800, 0x8800, 0x8800, 0x9020, 0x9020, 0x9020, 0x9020, 0x9820, 0x9820, 0x9821, 0xa041, 0xa041, 0xa041, 0xa041, 0xa841, 0xa861, 0xa861, 0xb061, 0xb062, 0xb062, 0xb882, 0xb882, 0xb882, 0xc082, 0xc082, 0xc082, 0xc8a2, 0xc8a3, 0xc8a3, 0xd0a3, 0xd0a3, 0xd0c3, 0xd0c3, 0xd8c3, 0xd8c3, 0xd8c3, 0xe0e3, 0xe0e4, 0xe0e4, 0xe0e4, 0xe0e4, 0xe8e4, 0xe8e4, 0xe8e4, 0xe904, 0xe904, 0xe904, 0xe904, 0xe904, 0xe904, 0xe904, 0xe904, 0xe904, 0xe904, 0xe904, 0xe904, 0xe904, 0xe904, 0xe904, 0xe904, 0xe904, 0xe904, 0xe904, 0xe904, 0xe904, 0xe904, 0xe904, 0xe904, 0xe904, 0xe904, 0xe904, 0xe904, 0xe904, 0xe904, 0xe904, 0xe904, 0xe904, 0xe9e4, 0xe5c5, 0xe624, 0xe624, 0xe624, 0xe5c5, 0xe485, 0xe324, 0xe9c4, 0xe904, 0xe904, 0x88a3, 0x0821, 0x0020, 0x0020, 0x0020, 0x0020, 0x62c2, 0xe624, 0xe624, 0xe445, 0xe924, 0xe904, 0xe904, 0xe904, 0xe904, 0xe904, 0xe904, 0xe904, 0xe904, 0xe904, 0xe904, 0xe904, 0xe904, 0xe904, 0xe904, 0xe904, 0xe904, 0xe904, 0xe904, 0xe904, 0xe904, 0xe904, 0xe904, 0xe904, 0xe904, 0xe904, 0xe904, 0xe904, 0xe904, 0xe904, 0xe904, 0xe904, 0xe904, 0xe904, 0xe904, 0xe904, 0xe904, 0xe904, 0xe904, 0xe904, 0xe8e4, 0xe8e4, 0xe8e4, 0xe0e4, 0xe0e4, 0xe0e4, 0xe0e3, 0xd8c3, 0xd8c3, 0xd8c3, 0xd8c3, 0xd0c3, 0xd0a3, 0xd0a3, 0xc8a3, 0xc8a3, 0xc8a2, 0xc082, 0xc082, 0xc082, 0xb882, 0xb882, 0xb062, 0xb062, 0xb061, 0xa861, 0xa841, 0xa841, 0xa041, 0xa041, 0xa041, 0x9821, 0x9821, 0x9820, 0x9820, 0x9020, 0x9020, 0x9020, 0x9000, 0x8800, 0x8800, 0x8800, 0x8800, 0x8800, 0x8000, 0x8000, 0x8000, 
    0x8000, 0x8000, 0x8000, 0x8000, 0x8000, 0x8000, 0x8000, 0x8800, 0x8800, 0x8800, 0x8800, 0x8800, 0x8800, 0x9020, 0x9020, 0x9020, 0x9020, 0x9820, 0x9820, 0x9821, 0xa041, 0xa041, 0xa041, 0xa041, 0xa841, 0xa861, 0xa861, 0xb061, 0xb062, 0xb062, 0xb882, 0xb882, 0xb882, 0xc082, 0xc082, 0xc082, 0xc8a2, 0xc8a3, 0xc8a3, 0xd0a3, 0xd0a3, 0xd0c3, 0xd0c3, 0xd8c3, 0xd8c3, 0xd8c3, 0xe0e3, 0xe0e4, 0xe0e4, 0xe0e4, 0xe0e4, 0xe8e4, 0xe8e4, 0xe8e4, 0xe904, 0xe904, 0xe904, 0xe904, 0xe904, 0xe904, 0xe904, 0xe904, 0xe904, 0xe904, 0xe904, 0xe904, 0xe904, 0xe904, 0xe904, 0xe904, 0xe904, 0xe904, 0xe904, 0xe904, 0xe904, 0xe904, 0xe904, 0xe904, 0xe904, 0xe904, 0xe904, 0xe904, 0xe904, 0xe904, 0xe904, 0xe904, 0xe9e4, 0xe5c4, 0xe624, 0xe624, 0xe624, 0xe624, 0xe624, 0xe624, 0xe624, 0xe624, 0x9b24, 0xe904, 0xe904, 0xb0c3, 0x1841, 0x0020, 0x0020, 0x0020, 0x0020, 0x6b02, 0xe624, 0xe624, 0xe4e5, 0xe944, 0xe904, 0xe904, 0xe904, 0xe904, 0xe904, 0xe904, 0xe904, 0xe904, 0xe904, 0xe904, 0xe904, 0xe904, 0xe904, 0xe904, 0xe904, 0xe904, 0xe904, 0xe904, 0xe904, 0xe904, 0xe904, 0xe904, 0xe904, 0xe904, 0xe904, 0xe904, 0xe904, 0xe904, 0xe904, 0xe904, 0xe904, 0xe904, 0xe904, 0xe904, 0xe904, 0xe904, 0xe904, 0xe904, 0xe8e4, 0xe8e4, 0xe8e4, 0xe0e4, 0xe0e4, 0xe0e4, 0xe0e3, 0xd8c3, 0xd8c3, 0xd8c3, 0xd8c3, 0xd0c3, 0xd0a3, 0xd0a3, 0xc8a3, 0xc8a3, 0xc8a2, 0xc082, 0xc082, 0xc082, 0xb882, 0xb882, 0xb062, 0xb062, 0xb061, 0xa861, 0xa841, 0xa841, 0xa041, 0xa041, 0xa041, 0x9821, 0x9821, 0x9820, 0x9820, 0x9020, 0x9020, 0x9020, 0x9000, 0x8800, 0x8800, 0x8800, 0x8800, 0x8800, 0x8000, 0x8000, 0x8000, 
    0x8000, 0x8000, 0x8000, 0x8000, 0x8000, 0x8000, 0x8000, 0x8800, 0x8800, 0x8800, 0x8800, 0x8800, 0x8800, 0x9020, 0x9020, 0x9020, 0x9020, 0x9820, 0x9820, 0x9821, 0xa041, 0xa041, 0xa041, 0xa041, 0xa841, 0xa861, 0xa861, 0xb061, 0xb062, 0xb062, 0xb882, 0xb882, 0xb882, 0xc082, 0xc082, 0xc082, 0xc8a2, 0xc8a3, 0xc8a3, 0xd0a3, 0xd0a3, 0xd0c3, 0xd0c3, 0xd8c3, 0xd8c3, 0xd8c3, 0xe0e3, 0xe0e4, 0xe0e4, 0xe0e4, 0xe0e4, 0xe8e4, 0xe8e4, 0xe8e4, 0xe904, 0xe904, 0xe904, 0xe904, 0xe904, 0xe904, 0xe904, 0xe904, 0xe904, 0xe904, 0xe904, 0xe904, 0xe904, 0xe904, 0xe904, 0xe904, 0xe904, 0xe904, 0xe904, 0xe904, 0xe904, 0xe904, 0xe904, 0xe904, 0xe904, 0xe904, 0xe904, 0xe904, 0xe904, 0xe904, 0xe904, 0xe9e4, 0xe5a4, 0xe624, 0xe624, 0xe624, 0xe624, 0xe624, 0xe624, 0xe624, 0xe624, 0x7b43, 0x1841, 0xe904, 0xe904, 0xe904, 0xd0e4, 0x3061, 0x0020, 0x0020, 0x0020, 0x0820, 0x9403, 0xe624, 0xe624, 0xe505, 0xe944, 0xe904, 0xe904, 0xe904, 0xe904, 0xe904, 0xe904, 0xe904, 0xe904, 0xe904, 0xe904, 0xe904, 0xe904, 0xe904, 0xe904, 0xe904, 0xe904, 0xe904, 0xe904, 0xe904, 0xe904, 0xe904, 0xe904, 0xe904, 0xe904, 0xe904, 0xe904, 0xe904, 0xe904, 0xe904, 0xe904, 0xe904, 0xe904, 0xe904, 0xe904, 0xe904, 0xe904, 0xe904, 0xe8e4, 0xe8e4, 0xe8e4, 0xe0e4, 0xe0e4, 0xe0e4, 0xe0e3, 0xd8c3, 0xd8c3, 0xd8c3, 0xd8c3, 0xd0c3, 0xd0a3, 0xd0a3, 0xc8a3, 0xc8a3, 0xc8a2, 0xc082, 0xc082, 0xc082, 0xb882, 0xb882, 0xb062, 0xb062, 0xb061, 0xa861, 0xa841, 0xa841, 0xa041, 0xa041, 0xa041, 0x9821, 0x9821, 0x9820, 0x9820, 0x9020, 0x9020, 0x9020, 0x9000, 0x8800, 0x8800, 0x8800, 0x8800, 0x8800, 0x8000, 0x8000, 0x8000, 
    0x8000, 0x8000, 0x8000, 0x8000, 0x8000, 0x8000, 0x8000, 0x8800, 0x8800, 0x8800, 0x8800, 0x8800, 0x8800, 0x9020, 0x9020, 0x9020, 0x9020, 0x9820, 0x9820, 0x9821, 0xa041, 0xa041, 0xa041, 0xa041, 0xa841, 0xa861, 0xa861, 0xb061, 0xb062, 0xb062, 0xb882, 0xb882, 0xb882, 0xc082, 0xc082, 0xc082, 0xc8a2, 0xc8a3, 0xc8a3, 0xd0a3, 0xd0a3, 0xd0c3, 0xd0c3, 0xd8c3, 0xd8c3, 0xd8c3, 0xe0e3, 0xe0e4, 0xe0e4, 0xe0e4, 0xe0e4, 0xe8e4, 0xe8e4, 0xe8e4, 0xe904, 0xe904, 0xe904, 0xe904, 0xe904, 0xe904, 0xe904, 0xe904, 0xe904, 0xe904, 0xe904, 0xe904, 0xe904, 0xe904, 0xe904, 0xe904, 0xe904, 0xe904, 0xe904, 0xe904, 0xe904, 0xe904, 0xe904, 0xe904, 0xe904, 0xe904, 0xe904, 0xe904, 0xe904, 0xe904, 0xea04, 0xe5c5, 0xe624, 0xe624, 0xe624, 0xe624, 0xe624, 0xe624, 0xe624, 0xe604, 0x62a2, 0x0020, 0x1041, 0xe904, 0xe904, 0xe904, 0xe904, 0xe0e4, 0x4861, 0x0020, 0x0020, 0x0020, 0x0861, 0xbd04, 0xe624, 0xe624, 0xe4e5, 0xe924, 0xe904, 0xe904, 0xe904, 0xe904, 0xe904, 0xe904, 0xe904, 0xe904, 0xe904, 0xe904, 0xe904, 0xe904, 0xe904, 0xe904, 0xe904, 0xe904, 0xe904, 0xe904, 0xe904, 0xe904, 0xe904, 0xe904, 0xe904, 0xe904, 0xe904, 0xe904, 0xe904, 0xe904, 0xe904, 0xe904, 0xe904, 0xe904, 0xe904, 0xe904, 0xe904, 0xe904, 0xe8e4, 0xe8e4, 0xe8e4, 0xe0e4, 0xe0e4, 0xe0e4, 0xe0e3, 0xd8c3, 0xd8c3, 0xd8c3, 0xd8c3, 0xd0c3, 0xd0a3, 0xd0a3, 0xc8a3, 0xc8a3, 0xc8a2, 0xc082, 0xc082, 0xc082, 0xb882, 0xb882, 0xb062, 0xb062, 0xb061, 0xa861, 0xa841, 0xa841, 0xa041, 0xa041, 0xa041, 0x9821, 0x9821, 0x9820, 0x9820, 0x9020, 0x9020, 0x9020, 0x9000, 0x8800, 0x8800, 0x8800, 0x8800, 0x8800, 0x8000, 0x8000, 0x8000, 
    0x8000, 0x8000, 0x8000, 0x8000, 0x8000, 0x8000, 0x8000, 0x8800, 0x8800, 0x8800, 0x8800, 0x8800, 0x8800, 0x9020, 0x9020, 0x9020, 0x9020, 0x9820, 0x9820, 0x9821, 0xa041, 0xa041, 0xa041, 0xa041, 0xa841, 0xa861, 0xa861, 0xb061, 0xb062, 0xb062, 0xb882, 0xb882, 0xb882, 0xc082, 0xc082, 0xc082, 0xc8a2, 0xc8a3, 0xc8a3, 0xd0a3, 0xd0a3, 0xd0c3, 0xd0c3, 0xd8c3, 0xd8c3, 0xd8c3, 0xe0e3, 0xe0e4, 0xe0e4, 0xe0e4, 0xe0e4, 0xe8e4, 0xe8e4, 0xe8e4, 0xe904, 0xe904, 0xe904, 0xe904, 0xe904, 0xe904, 0xe904, 0xe904, 0xe904, 0xe904, 0xe904, 0xe904, 0xe904, 0xe904, 0xe904, 0xe904, 0xe904, 0xe904, 0xe904, 0xe904, 0xe904, 0xe904, 0xe904, 0xe904, 0xe904, 0xe904, 0xe904, 0xe904, 0xe904, 0xea04, 0xe5c4, 0xe624, 0xe624, 0xe624, 0xe624, 0xe624, 0xe624, 0xe624, 0xdde4, 0x4a22, 0x0020, 0x0020, 0x0841, 0xe904, 0xe904, 0xe904, 0xe904, 0xe904, 0xe8e4, 0x5062, 0x0020, 0x0020, 0x0020, 0x2942, 0xde05, 0xe624, 0xe624, 0xdc45, 0xe904, 0xe904, 0xe904, 0xe904, 0xe904, 0xe904, 0xe904, 0xe904, 0xe904, 0xe904, 0xe904, 0xe904, 0xe904, 0xe904, 0xe904, 0xe904, 0xe904, 0xe904, 0xe904, 0xe904, 0xe904, 0xe904, 0xe904, 0xe904, 0xe904, 0xe904, 0xe904, 0xe904, 0xe904, 0xe904, 0xe904, 0xe904, 0xe904, 0xe904, 0xe904, 0xe904, 0xe8e4, 0xe8e4, 0xe8e4, 0xe0e4, 0xe0e4, 0xe0e4, 0xe0e3, 0xd8c3, 0xd8c3, 0xd8c3, 0xd8c3, 0xd0c3, 0xd0a3, 0xd0a3, 0xc8a3, 0xc8a3, 0xc8a2, 0xc082, 0xc082, 0xc082, 0xb882, 0xb882, 0xb062, 0xb062, 0xb061, 0xa861, 0xa841, 0xa841, 0xa041, 0xa041, 0xa041, 0x9821, 0x9821, 0x9820, 0x9820, 0x9020, 0x9020, 0x9020, 0x9000, 0x8800, 0x8800, 0x8800, 0x8800, 0x8800, 0x8000, 0x8000, 0x8000, 
    0x8000, 0x8000, 0x8000, 0x8000, 0x8000, 0x8000, 0x8000, 0x8800, 0x8800, 0x8800, 0x8800, 0x8800, 0x8800, 0x9020, 0x9020, 0x9020, 0x9020, 0x9820, 0x9820, 0x9821, 0xa041, 0xa041, 0xa041, 0xa041, 0xa841, 0xa861, 0xa861, 0xb061, 0xb062, 0xb062, 0xb882, 0xb882, 0xb882, 0xc082, 0xc082, 0xc082, 0xc8a2, 0xc8a3, 0xc8a3, 0xd0a3, 0xd0a3, 0xd0c3, 0xd0c3, 0xd8c3, 0xd8c3, 0xd8c3, 0xe0e3, 0xe0e4, 0xe0e4, 0xe0e4, 0xe0e4, 0xe8e4, 0xe8e4, 0xe8e4, 0xe904, 0xe904, 0xe904, 0xe904, 0xe904, 0xe904, 0xe904, 0xe904, 0xe904, 0xe904, 0xe904, 0xe904, 0xe904, 0xe904, 0xe904, 0xe904, 0xe904, 0xe904, 0xe904, 0xe904, 0xe904, 0xe904, 0xe904, 0xe904, 0xe904, 0xe904, 0xe904, 0xe904, 0xea04, 0xe5c4, 0xe624, 0xe624, 0xe624, 0xe624, 0xe624, 0xe624, 0xe624, 0xd5c4, 0x39a2, 0x0020, 0x0020, 0x0020, 0x4061, 0xe904, 0xe904, 0xe904, 0xe904, 0xe904, 0xe904, 0xe8e4, 0x4861, 0x0020, 0x0020, 0x0020, 0x7b64, 0xe624, 0xe624, 0xe624, 0xe325, 0xe904, 0xe904, 0xe904, 0xe904, 0xe904, 0xe904, 0xe904, 0xe904, 0xe904, 0xe904, 0xe904, 0xe904, 0xe904, 0xe904, 0xe904, 0xe904, 0xe904, 0xe904, 0xe904, 0xe904, 0xe904, 0xe904, 0xe904, 0xe904, 0xe904, 0xe904, 0xe904, 0xe904, 0xe904, 0xe904, 0xe904, 0xe904, 0xe904, 0xe904, 0xe904, 0xe8e4, 0xe8e4, 0xe8e4, 0xe0e4, 0xe0e4, 0xe0e4, 0xe0e3, 0xd8c3, 0xd8c3, 0xd8c3, 0xd8c3, 0xd0c3, 0xd0a3, 0xd0a3, 0xc8a3, 0xc8a3, 0xc8a2, 0xc082, 0xc082, 0xc082, 0xb882, 0xb882, 0xb062, 0xb062, 0xb061, 0xa861, 0xa841, 0xa841, 0xa041, 0xa041, 0xa041, 0x9821, 0x9821, 0x9820, 0x9820, 0x9020, 0x9020, 0x9020, 0x9000, 0x8800, 0x8800, 0x8800, 0x8800, 0x8800, 0x8000, 0x8000, 0x8000, 
    0x8000, 0x8000, 0x8000, 0x8000, 0x8000, 0x8000, 0x8000, 0x8800, 0x8800, 0x8800, 0x8800, 0x8800, 0x8800, 0x9020, 0x9020, 0x9020, 0x9020, 0x9820, 0x9820, 0x9821, 0xa041, 0xa041, 0xa041, 0xa041, 0xa841, 0xa861, 0xa861, 0xb061, 0xb062, 0xb062, 0xb882, 0xb882, 0xb882, 0xc082, 0xc082, 0xc082, 0xc8a2, 0xc8a3, 0xc8a3, 0xd0a3, 0xd0a3, 0xd0c3, 0xd0c3, 0xd8c3, 0xd8c3, 0xd8c3, 0xe0e3, 0xe0e4, 0xe0e4, 0xe0e4, 0xe0e4, 0xe8e4, 0xe8e4, 0xe8e4, 0xe904, 0xe904, 0xe904, 0xe904, 0xe904, 0xe904, 0xe904, 0xe904, 0xe904, 0xe904, 0xe904, 0xe904, 0xe904, 0xe904, 0xe904, 0xe904, 0xe904, 0xe904, 0xe904, 0xe904, 0xe904, 0xe904, 0xe904, 0xe904, 0xe904, 0xe904, 0xe904, 0xea04, 0xe5c4, 0xe624, 0xe624, 0xe624, 0xe624, 0xe624, 0xe624, 0xe624, 0xe624, 0xd5c4, 0x3182, 0x0020, 0x0020, 0x5882, 0xe8e4, 0xe904, 0xe904, 0xe904, 0xe904, 0xe904, 0xe904, 0xe904, 0xe0e4, 0x2841, 0x0020, 0x0020, 0x1081, 0xd5a5, 0xe624, 0xe624, 0xe5e5, 0xe1c5, 0xe904, 0xe904, 0xe904, 0xe904, 0xe904, 0xe904, 0xe904, 0xe904, 0xe904, 0xe904, 0xe904, 0xe904, 0xe904, 0xe904, 0xe904, 0xe904, 0xe904, 0xe904, 0xe904, 0xe904, 0xe904, 0xe904, 0xe904, 0xe904, 0xe904, 0xe904, 0xe904, 0xe904, 0xe904, 0xe904, 0xe904, 0xe904, 0xe904, 0xe904, 0xe8e4, 0xe8e4, 0xe8e4, 0xe0e4, 0xe0e4, 0xe0e4, 0xe0e3, 0xd8c3, 0xd8c3, 0xd8c3, 0xd8c3, 0xd0c3, 0xd0a3, 0xd0a3, 0xc8a3, 0xc8a3, 0xc8a2, 0xc082, 0xc082, 0xc082, 0xb882, 0xb882, 0xb062, 0xb062, 0xb061, 0xa861, 0xa841, 0xa841, 0xa041, 0xa041, 0xa041, 0x9821, 0x9821, 0x9820, 0x9820, 0x9020, 0x9020, 0x9020, 0x9000, 0x8800, 0x8800, 0x8800, 0x8800, 0x8800, 0x8000, 0x8000, 0x8000, 
    0x8000, 0x8000, 0x8000, 0x8000, 0x8000, 0x8000, 0x8000, 0x8800, 0x8800, 0x8800, 0x8800, 0x8800, 0x8800, 0x9020, 0x9020, 0x9020, 0x9020, 0x9820, 0x9820, 0x9821, 0xa041, 0xa041, 0xa041, 0xa041, 0xa841, 0xa861, 0xa861, 0xb061, 0xb062, 0xb062, 0xb882, 0xb882, 0xb882, 0xc082, 0xc082, 0xc082, 0xc8a2, 0xc8a3, 0xc8a3, 0xd0a3, 0xd0a3, 0xd0c3, 0xd0c3, 0xd8c3, 0xd8c3, 0xd8c3, 0xe0e3, 0xe0e4, 0xe0e4, 0xe0e4, 0xe0e4, 0xe8e4, 0xe8e4, 0xe8e4, 0xe904, 0xe904, 0xe904, 0xe904, 0xe904, 0xe904, 0xe904, 0xe904, 0xe904, 0xe904, 0xe904, 0xe904, 0xe904, 0xe904, 0xe904, 0xe904, 0xe904, 0xe904, 0xe904, 0xe904, 0xe904, 0xe904, 0xe904, 0xe904, 0xe904, 0xe904, 0xea04, 0xe5c4, 0xe624, 0xe624, 0xe624, 0xe624, 0xe624, 0xe624, 0xe624, 0xe624, 0xe624, 0xe624, 0xd5c4, 0x3982, 0x7082, 0xe904, 0xe904, 0xe904, 0xe904, 0xe904, 0xe904, 0xe904, 0xe904, 0xe904, 0xe904, 0xc0e3, 0x0841, 0x0020, 0x0020, 0x7324, 0xe624, 0xe624, 0xe624, 0xe4a5, 0xe904, 0xe904, 0xe904, 0xe904, 0xe904, 0xe904, 0xe904, 0xe904, 0xe904, 0xe904, 0xe904, 0xe904, 0xe904, 0xe904, 0xe904, 0xe904, 0xe904, 0xe904, 0xe904, 0xe904, 0xe904, 0xe904, 0xe904, 0xe904, 0xe904, 0xe904, 0xe904, 0xe904, 0xe904, 0xe904, 0xe904, 0xe904, 0xe904, 0xe904, 0xe8e4, 0xe8e4, 0xe8e4, 0xe0e4, 0xe0e4, 0xe0e4, 0xe0e3, 0xd8c3, 0xd8c3, 0xd8c3, 0xd8c3, 0xd0c3, 0xd0a3, 0xd0a3, 0xc8a3, 0xc8a3, 0xc8a2, 0xc082, 0xc082, 0xc082, 0xb882, 0xb882, 0xb062, 0xb062, 0xb061, 0xa861, 0xa841, 0xa841, 0xa041, 0xa041, 0xa041, 0xa021, 0x9821, 0x9820, 0x9820, 0x9020, 0x9020, 0x9020, 0x9000, 0x8800, 0x8800, 0x8800, 0x8800, 0x8800, 0x8000, 0x8000, 0x8000, 
    0x8000, 0x8000, 0x8000, 0x8000, 0x8000, 0x8000, 0x8000, 0x8800, 0x8800, 0x8800, 0x8800, 0x8800, 0x8800, 0x9020, 0x9020, 0x9020, 0x9020, 0x9820, 0x9820, 0x9821, 0xa041, 0xa041, 0xa041, 0xa041, 0xa841, 0xa861, 0xa861, 0xb061, 0xb062, 0xb062, 0xb882, 0xb882, 0xb882, 0xc082, 0xc082, 0xc082, 0xc8a2, 0xc8a3, 0xc8a3, 0xd0a3, 0xd0a3, 0xd0c3, 0xd0c3, 0xd8c3, 0xd8c3, 0xd8c3, 0xe0e3, 0xe0e4, 0xe0e4, 0xe0e4, 0xe0e4, 0xe8e4, 0xe8e4, 0xe8e4, 0xe904, 0xe904, 0xe904, 0xe904, 0xe904, 0xe904, 0xe904, 0xe904, 0xe904, 0xe904, 0xe904, 0xe904, 0xe904, 0xe904, 0xe904, 0xe904, 0xe904, 0xe904, 0xe904, 0xe904, 0xe904, 0xe904, 0xe904, 0xe904, 0xe904, 0xe904, 0xe9e4, 0xe5c5, 0xe624, 0xe624, 0xe624, 0xe624, 0xe624, 0xe624, 0xd5c4, 0xe624, 0xe624, 0xe624, 0xe624, 0xdde5, 0xea45, 0xe904, 0xe904, 0xe904, 0xe904, 0xe904, 0xe904, 0xe904, 0xe904, 0xe904, 0xe904, 0xe904, 0x7882, 0x0020, 0x0020, 0x18c2, 0xde05, 0xe624, 0xe624, 0xe624, 0xe265, 0xe904, 0xe904, 0xe904, 0xe904, 0xe904, 0xe904, 0xe904, 0xe904, 0xe904, 0xe904, 0xe904, 0xe904, 0xe904, 0xe904, 0xe904, 0xe904, 0xe904, 0xe904, 0xe904, 0xe904, 0xe904, 0xe904, 0xe904, 0xe904, 0xe904, 0xe904, 0xe904, 0xe904, 0xe904, 0xe904, 0xe904, 0xe904, 0xe904, 0xe8e4, 0xe8e4, 0xe8e4, 0xe0e4, 0xe0e4, 0xe0e4, 0xe0e3, 0xd8c3, 0xd8c3, 0xd8c3, 0xd8c3, 0xd0c3, 0xd0a3, 0xd0a3, 0xc8a3, 0xc8a3, 0xc8a2, 0xc082, 0xc082, 0xc082, 0xb882, 0xb882, 0xb062, 0xb062, 0xb061, 0xa861, 0xa841, 0xa841, 0xa041, 0xa041, 0xa041, 0xa021, 0x9821, 0x9820, 0x9820, 0x9020, 0x9020, 0x9020, 0x9000, 0x8800, 0x8800, 0x8800, 0x8800, 0x8800, 0x8000, 0x8000, 0x8000, 
    0x8000, 0x8000, 0x8000, 0x8000, 0x8000, 0x8000, 0x8000, 0x8800, 0x8800, 0x8800, 0x8800, 0x8800, 0x8800, 0x9020, 0x9020, 0x9020, 0x9020, 0x9820, 0x9820, 0x9821, 0xa041, 0xa041, 0xa041, 0xa041, 0xa841, 0xa861, 0xa861, 0xb061, 0xb062, 0xb062, 0xb882, 0xb882, 0xb882, 0xc082, 0xc082, 0xc082, 0xc8a2, 0xc8a3, 0xc8a3, 0xd0a3, 0xd0a3, 0xd0c3, 0xd0c3, 0xd8c3, 0xd8c3, 0xd8c3, 0xe0e3, 0xe0e4, 0xe0e4, 0xe0e4, 0xe0e4, 0xe8e4, 0xe8e4, 0xe8e4, 0xe904, 0xe904, 0xe904, 0xe904, 0xe904, 0xe904, 0xe904, 0xe904, 0xe904, 0xe904, 0xe904, 0xe904, 0xe904, 0xe904, 0xe904, 0xe904, 0xe904, 0xe904, 0xe904, 0xe904, 0xe904, 0xe904, 0xe904, 0xe904, 0xe904, 0xe904, 0xe904, 0xe1e4, 0xddc4, 0xe624, 0xe624, 0xe624, 0xe624, 0xd5a4, 0x2941, 0x6b03, 0xe624, 0xe624, 0xe624, 0xe624, 0xe5e5, 0xea44, 0xe904, 0xe904, 0xe904, 0xe904, 0xe904, 0xe904, 0xe904, 0xe904, 0xe904, 0xe904, 0xe0e4, 0x1841, 0x0020, 0x0020, 0xa464, 0xe624, 0xe624, 0xe624, 0xe4c5, 0xe904, 0xe904, 0xe904, 0xe904, 0xe904, 0xe904, 0xe904, 0xe904, 0xe904, 0xe904, 0xe904, 0xe904, 0xe904, 0xe904, 0xe904, 0xe904, 0xe904, 0xe904, 0xe904, 0xe904, 0xe904, 0xe904, 0xe904, 0xe904, 0xe904, 0xe904, 0xe904, 0xe904, 0xe904, 0xe904, 0xe904, 0xe904, 0xe904, 0xe8e4, 0xe8e4, 0xe8e4, 0xe0e4, 0xe0e4, 0xe0e4, 0xe0e3, 0xd8c3, 0xd8c3, 0xd8c3, 0xd8c3, 0xd0c3, 0xd0a3, 0xd0a3, 0xc8a3, 0xc8a3, 0xc8a2, 0xc082, 0xc082, 0xc082, 0xb882, 0xb882, 0xb062, 0xb062, 0xb061, 0xa861, 0xa841, 0xa841, 0xa041, 0xa041, 0xa041, 0x9821, 0x9821, 0x9820, 0x9820, 0x9020, 0x9020, 0x9020, 0x9000, 0x8800, 0x8800, 0x8800, 0x8800, 0x8800, 0x8000, 0x8000, 0x8000, 
    0x8000, 0x8000, 0x8000, 0x8000, 0x8000, 0x8000, 0x8000, 0x8800, 0x8800, 0x8800, 0x8800, 0x8800, 0x9000, 0x9020, 0x9020, 0x9020, 0x9020, 0x9820, 0x9820, 0x9821, 0xa041, 0xa041, 0xa041, 0xa041, 0xa841, 0xa861, 0xa861, 0xb061, 0xb062, 0xb062, 0xb882, 0xb882, 0xb882, 0xc082, 0xc082, 0xc082, 0xc8a2, 0xc8a3, 0xc8a3, 0xd0a3, 0xd0a3, 0xd0c3, 0xd0c3, 0xd8c3, 0xd8c3, 0xd8c3, 0xe0e3, 0xe0e4, 0xe0e4, 0xe0e4, 0xe0e4, 0xe8e4, 0xe8e4, 0xe8e4, 0xe904, 0xe904, 0xe904, 0xe904, 0xe904, 0xe904, 0xe904, 0xe904, 0xe904, 0xe904, 0xe904, 0xe904, 0xe904, 0xe904, 0xe904, 0xe904, 0xe904, 0xe904, 0xe904, 0xe904, 0xe904, 0xe904, 0xe904, 0xe904, 0xe904, 0xe904, 0xe904, 0xe904, 0xd9e4, 0xdda4, 0xe624, 0xe624, 0xd5c4, 0x3141, 0x0020, 0x0020, 0x7323, 0xe624, 0xe624, 0xe624, 0xe624, 0xe5e4, 0xe285, 0xe904, 0xe904, 0xe904, 0xe904, 0xe904, 0xe904, 0xe904, 0xe904, 0xe904, 0xe904, 0x88a2, 0x0020, 0x0020, 0x5a83, 0xe624, 0xe624, 0xe624, 0xe625, 0xe9c4, 0xe904, 0xe904, 0xe904, 0xe904, 0xe904, 0xe904, 0xe904, 0xe904, 0xe904, 0xe904, 0xe904, 0xe904, 0xe904, 0xe904, 0xe904, 0xe904, 0xe904, 0xe904, 0xe904, 0xe904, 0xe904, 0xe904, 0xe904, 0xe904, 0xe904, 0xe904, 0xe904, 0xe904, 0xe904, 0xe904, 0xe904, 0xe904, 0xe8e4, 0xe8e4, 0xe8e4, 0xe0e4, 0xe0e4, 0xe0e4, 0xe0e3, 0xd8c3, 0xd8c3, 0xd8c3, 0xd8c3, 0xd0c3, 0xd0a3, 0xd0a3, 0xc8a3, 0xc8a3, 0xc8a2, 0xc082, 0xc082, 0xc082, 0xb882, 0xb882, 0xb062, 0xb062, 0xb061, 0xa861, 0xa841, 0xa841, 0xa041, 0xa041, 0xa041, 0x9821, 0x9821, 0x9820, 0x9820, 0x9020, 0x9020, 0x9020, 0x9000, 0x8800, 0x8800, 0x8800, 0x8800, 0x8800, 0x8000, 0x8000, 0x8000, 
    0x8000, 0x8000, 0x8000, 0x8000, 0x8000, 0x8000, 0x8000, 0x8800, 0x8800, 0x8800, 0x8800, 0x8800, 0x8800, 0x9020, 0x9020, 0x9020, 0x9020, 0x9820, 0x9820, 0x9821, 0xa041, 0xa041, 0xa041, 0xa041, 0xa841, 0xa861, 0xa861, 0xb061, 0xb062, 0xb062, 0xb882, 0xb882, 0xb882, 0xc082, 0xc082, 0xc082, 0xc8a2, 0xc8a3, 0xc8a3, 0xd0a3, 0xd0a3, 0xd0c3, 0xd0c3, 0xd8c3, 0xd8c3, 0xd8c3, 0xe0e3, 0xe0e4, 0xe0e4, 0xe0e4, 0xe0e4, 0xe8e4, 0xe8e4, 0xe8e4, 0xe904, 0xe904, 0xe904, 0xe904, 0xe904, 0xe904, 0xe904, 0xe904, 0xe904, 0xe904, 0xe904, 0xe904, 0xe904, 0xe904, 0xe904, 0xe904, 0xe904, 0xe904, 0xe904, 0xe904, 0xe904, 0xe904, 0xe904, 0xe904, 0xe904, 0xe904, 0xe904, 0xe904, 0xe904, 0xd9c4, 0xdda4, 0xd5c4, 0x3182, 0x0020, 0x0020, 0x0821, 0x3041, 0x7b43, 0xe624, 0xe624, 0xe624, 0xe624, 0xe5e4, 0xe285, 0xe904, 0xe904, 0xe904, 0xe904, 0xe904, 0xe904, 0xe904, 0xe904, 0xe904, 0xe0e4, 0x1041, 0x0020, 0x18e1, 0xe625, 0xe624, 0xe624, 0xe624, 0xe3a5, 0xe904, 0xe904, 0xe904, 0xe904, 0xe904, 0xe904, 0xe904, 0xe904, 0xe904, 0xe904, 0xe904, 0xe904, 0xe904, 0xe904, 0xe904, 0xe904, 0xe904, 0xe904, 0xe904, 0xe904, 0xe904, 0xe904, 0xe904, 0xe904, 0xe904, 0xe904, 0xe904, 0xe904, 0xe904, 0xe904, 0xe904, 0xe904, 0xe8e4, 0xe8e4, 0xe8e4, 0xe0e4, 0xe0e4, 0xe0e4, 0xe0e3, 0xd8c3, 0xd8c3, 0xd8c3, 0xd8c3, 0xd0c3, 0xd0a3, 0xd0a3, 0xc8a3, 0xc8a3, 0xc8a2, 0xc082, 0xc082, 0xc082, 0xb882, 0xb882, 0xb062, 0xb062, 0xb061, 0xa861, 0xa841, 0xa841, 0xa041, 0xa041, 0xa041, 0xa021, 0x9821, 0x9820, 0x9820, 0x9020, 0x9020, 0x9020, 0x9000, 0x8800, 0x8800, 0x8800, 0x8800, 0x8800, 0x8000, 0x8000, 0x8000, 
    0x8000, 0x8000, 0x8000, 0x8000, 0x8000, 0x8000, 0x8000, 0x8800, 0x8800, 0x8800, 0x8800, 0x8800, 0x8800, 0x9020, 0x9020, 0x9020, 0x9020, 0x9820, 0x9820, 0x9821, 0xa041, 0xa041, 0xa041, 0xa041, 0xa841, 0xa861, 0xa861, 0xb061, 0xb062, 0xb062, 0xb882, 0xb882, 0xb882, 0xc082, 0xc082, 0xc082, 0xc8a2, 0xc8a3, 0xc8a3, 0xd0a3, 0xd0a3, 0xd0c3, 0xd0c3, 0xd8c3, 0xd8c3, 0xd8c3, 0xe0e3, 0xe0e4, 0xe0e4, 0xe0e4, 0xe0e4, 0xe8e4, 0xe8e4, 0xe8e4, 0xe904, 0xe904, 0xe904, 0xe904, 0xe904, 0xe904, 0xe904, 0xe904, 0xe904, 0xe904, 0xe904, 0xe904, 0xe904, 0xe904, 0xe904, 0xe904, 0xe904, 0xe904, 0xe904, 0xe904, 0xe904, 0xe904, 0xe904, 0xe904, 0xe904, 0xe904, 0xe904, 0xe904, 0xe904, 0xe904, 0xd9e4, 0x41a2, 0x0020, 0x0020, 0x0820, 0xa0c3, 0xe0e4, 0x3861, 0x8383, 0xe624, 0xe624, 0xe624, 0xe624, 0xe5e4, 0xe285, 0xe904, 0xe904, 0xe904, 0xe904, 0xe904, 0xe904, 0xe904, 0xe904, 0xe904, 0x5082, 0x0020, 0x0020, 0xcd64, 0xe624, 0xe624, 0xe624, 0xe505, 0xe904, 0xe904, 0xe904, 0xe904, 0xe904, 0xe904, 0xe904, 0xe904, 0xe904, 0xe904, 0xe904, 0xe904, 0xe904, 0xe904, 0xe904, 0xe904, 0xe904, 0xe904, 0xe904, 0xe904, 0xe904, 0xe904, 0xe904, 0xe904, 0xe904, 0xe904, 0xe904, 0xe904, 0xe904, 0xe904, 0xe904, 0xe904, 0xe8e4, 0xe8e4, 0xe8e4, 0xe0e4, 0xe0e4, 0xe0e4, 0xe0e3, 0xd8c3, 0xd8c3, 0xd8c3, 0xd8c3, 0xd0c3, 0xd0a3, 0xd0a3, 0xc8a3, 0xc8a3, 0xc8a2, 0xc082, 0xc082, 0xc082, 0xb882, 0xb882, 0xb062, 0xb062, 0xb061, 0xa861, 0xa841, 0xa841, 0xa041, 0xa041, 0xa041, 0x9821, 0x9821, 0x9820, 0x9820, 0x9020, 0x9020, 0x9020, 0x9000, 0x8800, 0x8800, 0x8800, 0x8800, 0x8800, 0x8000, 0x8000, 0x8000, 
    0x8000, 0x8000, 0x8000, 0x8000, 0x8000, 0x8000, 0x8000, 0x8800, 0x8800, 0x8800, 0x8800, 0x8800, 0x8800, 0x9020, 0x9020, 0x9020, 0x9020, 0x9820, 0x9820, 0x9821, 0xa041, 0xa041, 0xa041, 0xa041, 0xa841, 0xa861, 0xa861, 0xb061, 0xb062, 0xb062, 0xb882, 0xb882, 0xb882, 0xc082, 0xc082, 0xc082, 0xc8a2, 0xc8a3, 0xc8a3, 0xd0a3, 0xd0a3, 0xd0c3, 0xd0c3, 0xd8c3, 0xd8c3, 0xd8c3, 0xe0e3, 0xe0e4, 0xe0e4, 0xe0e4, 0xe0e4, 0xe8e4, 0xe8e4, 0xe8e4, 0xe904, 0xe904, 0xe904, 0xe904, 0xe904, 0xe904, 0xe904, 0xe904, 0xe904, 0xe904, 0xe904, 0xe904, 0xe904, 0xe904, 0xe904, 0xe904, 0xe904, 0xe904, 0xe904, 0xe904, 0xe904, 0xe904, 0xe904, 0xe904, 0xe904, 0xe904, 0xe904, 0xe904, 0xe904, 0xe904, 0xe904, 0xb0c3, 0x1041, 0x0820, 0x98a3, 0xe904, 0xe904, 0xe0e4, 0x3061, 0x83a3, 0xe624, 0xe624, 0xe624, 0xe624, 0xe604, 0xe2a5, 0xe904, 0xe904, 0xe904, 0xe904, 0xe904, 0xe904, 0xe904, 0xe904, 0x98a3, 0x0020, 0x0020, 0xa464, 0xe624, 0xe624, 0xe624, 0xe5e5, 0xe904, 0xe904, 0xe904, 0xe904, 0xe904, 0xe904, 0xe904, 0xe904, 0xe904, 0xe904, 0xe904, 0xe904, 0xe904, 0xe904, 0xe904, 0xe904, 0xe904, 0xe904, 0xe904, 0xe904, 0xe904, 0xe904, 0xe904, 0xe904, 0xe904, 0xe904, 0xe904, 0xe904, 0xe904, 0xe904, 0xe904, 0xe904, 0xe8e4, 0xe8e4, 0xe8e4, 0xe0e4, 0xe0e4, 0xe0e4, 0xe0e3, 0xd8c3, 0xd8c3, 0xd8c3, 0xd8c3, 0xd0c3, 0xd0a3, 0xd0a3, 0xc8a3, 0xc8a3, 0xc8a2, 0xc082, 0xc082, 0xc082, 0xb882, 0xb882, 0xb062, 0xb062, 0xb061, 0xa861, 0xa841, 0xa841, 0xa041, 0xa041, 0xa041, 0x9821, 0x9821, 0x9820, 0x9820, 0x9020, 0x9020, 0x9020, 0x9000, 0x8800, 0x8800, 0x8800, 0x8800, 0x8800, 0x8000, 0x8000, 0x8000, 
    0x8000, 0x8000, 0x8000, 0x8000, 0x8000, 0x8000, 0x8000, 0x8800, 0x8800, 0x8800, 0x8800, 0x8800, 0x8800, 0x9020, 0x9020, 0x9020, 0x9020, 0x9820, 0x9820, 0x9821, 0xa041, 0xa041, 0xa041, 0xa041, 0xa841, 0xa861, 0xa861, 0xb061, 0xb062, 0xb062, 0xb882, 0xb882, 0xb882, 0xc082, 0xc082, 0xc082, 0xc8a2, 0xc8a3, 0xc8a3, 0xd0a3, 0xd0a3, 0xd0c3, 0xd0c3, 0xd8c3, 0xd8c3, 0xd8c3, 0xe0e3, 0xe0e4, 0xe0e4, 0xe0e4, 0xe0e4, 0xe8e4, 0xe8e4, 0xe8e4, 0xe904, 0xe904, 0xe904, 0xe904, 0xe904, 0xe904, 0xe904, 0xe904, 0xe904, 0xe904, 0xe904, 0xe904, 0xe904, 0xe904, 0xe904, 0xe904, 0xe904, 0xe904, 0xe904, 0xe904, 0xe904, 0xe904, 0xe904, 0xe904, 0xe904, 0xe904, 0xe904, 0xe904, 0xe904, 0xe904, 0xe904, 0xe904, 0xb0c3, 0x90a3, 0xe904, 0xe904, 0xe904, 0xe904, 0xd8e4, 0x3061, 0x8be3, 0xe624, 0xe624, 0xe624, 0xe624, 0xe604, 0xe2a5, 0xe904, 0xe904, 0xe904, 0xe904, 0xe904, 0xe904, 0xe904, 0xd0e4, 0x0020, 0x0020, 0x83a3, 0xe624, 0xe624, 0xe624, 0xe624, 0xe944, 0xe904, 0xe904, 0xe904, 0xe904, 0xe904, 0xe904, 0xe904, 0xe904, 0xe904, 0xe904, 0xe904, 0xe904, 0xe904, 0xe904, 0xe904, 0xe904, 0xe904, 0xe904, 0xe904, 0xe904, 0xe904, 0xe904, 0xe904, 0xe904, 0xe904, 0xe904, 0xe904, 0xe904, 0xe904, 0xe904, 0xe904, 0xe8e4, 0xe8e4, 0xe8e4, 0xe0e4, 0xe0e4, 0xe0e4, 0xe0e3, 0xd8c3, 0xd8c3, 0xd8c3, 0xd8c3, 0xd0c3, 0xd0a3, 0xd0a3, 0xc8a3, 0xc8a3, 0xc8a2, 0xc082, 0xc082, 0xc082, 0xb882, 0xb882, 0xb062, 0xb062, 0xb061, 0xa861, 0xa841, 0xa841, 0xa041, 0xa041, 0xa041, 0x9821, 0x9821, 0x9820, 0x9820, 0x9020, 0x9020, 0x9020, 0x9000, 0x8800, 0x8800, 0x8800, 0x8800, 0x8800, 0x8000, 0x8000, 0x8000, 
    0x8000, 0x8000, 0x8000, 0x8000, 0x8000, 0x8000, 0x8000, 0x8800, 0x8800, 0x8800, 0x8800, 0x8800, 0x8800, 0x9020, 0x9020, 0x9020, 0x9020, 0x9820, 0x9820, 0x9821, 0xa041, 0xa041, 0xa041, 0xa041, 0xa841, 0xa861, 0xa861, 0xb061, 0xb062, 0xb062, 0xb882, 0xb882, 0xb882, 0xc082, 0xc082, 0xc082, 0xc8a2, 0xc8a3, 0xc8a3, 0xd0a3, 0xd0a3, 0xd0c3, 0xd0c3, 0xd8c3, 0xd8c3, 0xd8c3, 0xe0e3, 0xe0e4, 0xe0e4, 0xe0e4, 0xe0e4, 0xe8e4, 0xe8e4, 0xe8e4, 0xe904, 0xe904, 0xe904, 0xe904, 0xe904, 0xe904, 0xe904, 0xe904, 0xe904, 0xe904, 0xe904, 0xe904, 0xe904, 0xe904, 0xe904, 0xe904, 0xe904, 0xe904, 0xe904, 0xe904, 0xe904, 0xe904, 0xe904, 0xe904, 0xe904, 0xe904, 0xe904, 0xe904, 0xe904, 0xe904, 0xe904, 0xe904, 0xe904, 0xe904, 0xe904, 0xe904, 0xe904, 0xe904, 0xe904, 0xd8e4, 0x2861, 0x9404, 0xe624, 0xe624, 0xe604, 0xe624, 0xe604, 0xe2c5, 0xe904, 0xe904, 0xe904, 0xe904, 0xe904, 0xe904, 0xe904, 0x1041, 0x0841, 0x7323, 0xe624, 0xe624, 0xe624, 0xe624, 0xe964, 0xe904, 0xe904, 0xe904, 0xe904, 0xe904, 0xe904, 0xe904, 0xe904, 0xe904, 0xe904, 0xe904, 0xe904, 0xe904, 0xe904, 0xe904, 0xe904, 0xe904, 0xe904, 0xe904, 0xe904, 0xe904, 0xe904, 0xe904, 0xe904, 0xe904, 0xe904, 0xe904, 0xe904, 0xe904, 0xe904, 0xe904, 0xe8e4, 0xe8e4, 0xe8e4, 0xe0e4, 0xe0e4, 0xe0e4, 0xe0e3, 0xd8c3, 0xd8c3, 0xd8c3, 0xd8c3, 0xd0c3, 0xd0a3, 0xd0a3, 0xc8a3, 0xc8a3, 0xc8a2, 0xc082, 0xc082, 0xc082, 0xb882, 0xb882, 0xb062, 0xb062, 0xb061, 0xa861, 0xa841, 0xa841, 0xa041, 0xa041, 0xa041, 0x9821, 0x9821, 0x9820, 0x9820, 0x9020, 0x9020, 0x9020, 0x9000, 0x8800, 0x8800, 0x8800, 0x8800, 0x8800, 0x8000, 0x8000, 0x8000, 
    0x8000, 0x8000, 0x8000, 0x8000, 0x8000, 0x8000, 0x8000, 0x8800, 0x8800, 0x8800, 0x8800, 0x8800, 0x8800, 0x9020, 0x9020, 0x9020, 0x9020, 0x9820, 0x9820, 0x9821, 0xa041, 0xa041, 0xa041, 0xa041, 0xa841, 0xa861, 0xa861, 0xb061, 0xb062, 0xb062, 0xb882, 0xb882, 0xb882, 0xc082, 0xc082, 0xc082, 0xc8a2, 0xc8a3, 0xc8a3, 0xd0a3, 0xd0a3, 0xd0c3, 0xd0c3, 0xd8c3, 0xd8c3, 0xd8c3, 0xe0e3, 0xe0e4, 0xe0e4, 0xe0e4, 0xe0e4, 0xe8e4, 0xe8e4, 0xe8e4, 0xe904, 0xe904, 0xe904, 0xe904, 0xe904, 0xe904, 0xe904, 0xe904, 0xe904, 0xe904, 0xe904, 0xe904, 0xe904, 0xe904, 0xe904, 0xe904, 0xe904, 0xe904, 0xe904, 0xe904, 0xe904, 0xe904, 0xe904, 0xe904, 0xe904, 0xe904, 0xe904, 0xe904, 0xe904, 0xe904, 0xe904, 0xe904, 0xe904, 0xe904, 0xe904, 0xe904, 0xe904, 0xe904, 0xe904, 0xe904, 0xd0e4, 0x2861, 0x9c24, 0xe624, 0xe604, 0xe604, 0xe604, 0xe604, 0xe2c5, 0xe904, 0xe904, 0xe904, 0xe904, 0xe904, 0xe904, 0x3061, 0x0841, 0x7303, 0xe624, 0xe624, 0xe624, 0xe624, 0xe944, 0xe904, 0xe904, 0xe904, 0xe904, 0xe904, 0xe904, 0xe904, 0xe904, 0xe904, 0xe904, 0xe904, 0xe904, 0xe904, 0xe904, 0xe904, 0xe904, 0xe904, 0xe904, 0xe904, 0xe904, 0xe904, 0xe904, 0xe904, 0xe904, 0xe904, 0xe904, 0xe904, 0xe904, 0xe904, 0xe904, 0xe904, 0xe8e4, 0xe8e4, 0xe8e4, 0xe0e4, 0xe0e4, 0xe0e4, 0xe0e3, 0xd8c3, 0xd8c3, 0xd8c3, 0xd8c3, 0xd0c3, 0xd0a3, 0xd0a3, 0xc8a3, 0xc8a3, 0xc8a2, 0xc082, 0xc082, 0xc082, 0xb882, 0xb882, 0xb062, 0xb062, 0xb061, 0xa861, 0xa841, 0xa841, 0xa041, 0xa041, 0xa041, 0x9821, 0x9821, 0x9820, 0x9820, 0x9020, 0x9020, 0x9020, 0x9000, 0x8800, 0x8800, 0x8800, 0x8800, 0x8800, 0x8000, 0x8000, 0x8000, 
    0x8000, 0x8000, 0x8000, 0x8000, 0x8000, 0x8000, 0x8000, 0x8800, 0x8800, 0x8800, 0x8800, 0x8800, 0x8800, 0x9020, 0x9020, 0x9020, 0x9020, 0x9820, 0x9820, 0x9821, 0xa041, 0xa041, 0xa041, 0xa041, 0xa841, 0xa861, 0xa861, 0xb061, 0xb062, 0xb062, 0xb882, 0xb882, 0xb882, 0xc082, 0xc082, 0xc082, 0xc8a2, 0xc8a3, 0xc8a3, 0xd0a3, 0xd0a3, 0xd0c3, 0xd0c3, 0xd8c3, 0xd8c3, 0xd8c3, 0xe0e3, 0xe0e4, 0xe0e4, 0xe0e4, 0xe0e4, 0xe8e4, 0xe8e4, 0xe8e4, 0xe904, 0xe904, 0xe904, 0xe904, 0xe904, 0xe904, 0xe904, 0xe904, 0xe904, 0xe904, 0xe904, 0xe904, 0xe904, 0xe904, 0xe904, 0xe904, 0xe904, 0xe904, 0xe904, 0xe904, 0xe904, 0xe904, 0xe904, 0xe904, 0xe904, 0xe904, 0xe904, 0xe904, 0xe904, 0xe904, 0xe904, 0xe904, 0xe904, 0xe904, 0xe904, 0xe904, 0xe904, 0xe904, 0xe904, 0xe904, 0xe904, 0xd0e4, 0x2861, 0x9c44, 0xe604, 0xe604, 0xe604, 0xe604, 0xe604, 0xe2e5, 0xe904, 0xe904, 0xe904, 0xe904, 0xe904, 0x4061, 0x0841, 0x8383, 0xe624, 0xe624, 0xe624, 0xe604, 0xe904, 0xe904, 0xe904, 0xe904, 0xe904, 0xe904, 0xe904, 0xe904, 0xe904, 0xe904, 0xe904, 0xe904, 0xe904, 0xe904, 0xe904, 0xe904, 0xe904, 0xe904, 0xe904, 0xe904, 0xe904, 0xe904, 0xe904, 0xe904, 0xe904, 0xe904, 0xe904, 0xe904, 0xe904, 0xe904, 0xe904, 0xe904, 0xe8e4, 0xe8e4, 0xe8e4, 0xe0e4, 0xe0e4, 0xe0e4, 0xe0e3, 0xd8c3, 0xd8c3, 0xd8c3, 0xd8c3, 0xd0c3, 0xd0a3, 0xd0a3, 0xc8a3, 0xc8a3, 0xc8a2, 0xc082, 0xc082, 0xc082, 0xb882, 0xb882, 0xb062, 0xb062, 0xb061, 0xa861, 0xa841, 0xa841, 0xa041, 0xa041, 0xa041, 0x9821, 0x9821, 0x9820, 0x9820, 0x9020, 0x9020, 0x9020, 0x9000, 0x8800, 0x8800, 0x8800, 0x8800, 0x8800, 0x8000, 0x8000, 0x8000, 
    0x8000, 0x8000, 0x8000, 0x8000, 0x8000, 0x8000, 0x8000, 0x8800, 0x8800, 0x8800, 0x8800, 0x8800, 0x8800, 0x9020, 0x9020, 0x9020, 0x9020, 0x9820, 0x9820, 0x9821, 0xa041, 0xa041, 0xa041, 0xa041, 0xa841, 0xa861, 0xa861, 0xb061, 0xb062, 0xb062, 0xb882, 0xb882, 0xb882, 0xc082, 0xc082, 0xc082, 0xc8a2, 0xc8a3, 0xc8a3, 0xd0a3, 0xd0a3, 0xd0c3, 0xd0c3, 0xd8c3, 0xd8c3, 0xd8c3, 0xe0e3, 0xe0e4, 0xe0e4, 0xe0e4, 0xe0e4, 0xe8e4, 0xe8e4, 0xe8e4, 0xe904, 0xe904, 0xe904, 0xe904, 0xe904, 0xe904, 0xe904, 0xe904, 0xe904, 0xe904, 0xe904, 0xe904, 0xe904, 0xe904, 0xe904, 0xe904, 0xe904, 0xe904, 0xe904, 0xe904, 0xe904, 0xe904, 0xe904, 0xe904, 0xe904, 0xe904, 0xe904, 0xe904, 0xe904, 0xe904, 0xe904, 0xe904, 0xe904, 0xe904, 0xe904, 0xe904, 0xe904, 0xe904, 0xe904, 0xe904, 0xe904, 0xe904, 0xc8e4, 0x2081, 0xa484, 0xe604, 0xe604, 0xe604, 0xe604, 0xe604, 0xe2e5, 0xe904, 0xe904, 0xe904, 0xe904, 0x3861, 0x0841, 0xa464, 0xe624, 0xe624, 0xe624, 0xe564, 0xe904, 0xe904, 0xe904, 0xe904, 0xe904, 0xe904, 0xe904, 0xe904, 0xe904, 0xe904, 0xe904, 0xe904, 0xe904, 0xe904, 0xe904, 0xe904, 0xe904, 0xe904, 0xe904, 0xe904, 0xe904, 0xe904, 0xe904, 0xe904, 0xe904, 0xe904, 0xe904, 0xe904, 0xe904, 0xe904, 0xe904, 0xe904, 0xe8e4, 0xe8e4, 0xe8e4, 0xe0e4, 0xe0e4, 0xe0e4, 0xe0e3, 0xd8c3, 0xd8c3, 0xd8c3, 0xd8c3, 0xd0c3, 0xd0a3, 0xd0a3, 0xc8a3, 0xc8a3, 0xc8a2, 0xc082, 0xc082, 0xc082, 0xb882, 0xb882, 0xb062, 0xb062, 0xb061, 0xa861, 0xa841, 0xa841, 0xa041, 0xa041, 0xa041, 0x9821, 0x9821, 0x9820, 0x9820, 0x9020, 0x9020, 0x9020, 0x9000, 0x8800, 0x8800, 0x8800, 0x8800, 0x8800, 0x8000, 0x8000, 0x8000, 
    0x8000, 0x8000, 0x8000, 0x8000, 0x8000, 0x8000, 0x8000, 0x8800, 0x8800, 0x8800, 0x8800, 0x8800, 0x8800, 0x9020, 0x9020, 0x9020, 0x9020, 0x9820, 0x9820, 0x9821, 0xa041, 0xa041, 0xa041, 0xa041, 0xa841, 0xa861, 0xa861, 0xb061, 0xb062, 0xb062, 0xb882, 0xb882, 0xb882, 0xc082, 0xc082, 0xc082, 0xc8a2, 0xc8a3, 0xc8a3, 0xd0a3, 0xd0a3, 0xd0c3, 0xd0c3, 0xd8c3, 0xd8c3, 0xd8c3, 0xe0e3, 0xe0e4, 0xe0e4, 0xe0e4, 0xe0e4, 0xe8e4, 0xe8e4, 0xe8e4, 0xe904, 0xe904, 0xe904, 0xe904, 0xe904, 0xe904, 0xe904, 0xe904, 0xe904, 0xe904, 0xe904, 0xe904, 0xe904, 0xe904, 0xe904, 0xe904, 0xe904, 0xe904, 0xe904, 0xe904, 0xe904, 0xe904, 0xe904, 0xe904, 0xe904, 0xe904, 0xe904, 0xe904, 0xe904, 0xe904, 0xe904, 0xe904, 0xe904, 0xe904, 0xe904, 0xe904, 0xe904, 0xe904, 0xe904, 0xe904, 0xe904, 0xe904, 0xe904, 0xc8e3, 0x2081, 0xaca4, 0xe604, 0xe604, 0xe604, 0xe604, 0xe604, 0xe2e5, 0xe904, 0xe904, 0xe904, 0x2041, 0x1081, 0xd5c4, 0xe624, 0xe624, 0xe624, 0xe484, 0xe904, 0xe904, 0xe904, 0xe904, 0xe904, 0xe904, 0xe904, 0xe904, 0xe904, 0xe904, 0xe904, 0xe904, 0xe904, 0xe904, 0xe904, 0xe904, 0xe904, 0xe904, 0xe904, 0xe904, 0xe904, 0xe904, 0xe904, 0xe904, 0xe904, 0xe904, 0xe904, 0xe904, 0xe904, 0xe904, 0xe904, 0xe904, 0xe8e4, 0xe8e4, 0xe8e4, 0xe0e4, 0xe0e4, 0xe0e4, 0xe0e3, 0xd8c3, 0xd8c3, 0xd8c3, 0xd8c3, 0xd0c3, 0xd0a3, 0xd0a3, 0xc8a3, 0xc8a3, 0xc8a2, 0xc082, 0xc082, 0xc082, 0xb882, 0xb882, 0xb062, 0xb062, 0xb061, 0xa861, 0xa841, 0xa841, 0xa041, 0xa041, 0xa041, 0x9821, 0x9821, 0x9820, 0x9820, 0x9020, 0x9020, 0x9020, 0x9000, 0x8800, 0x8800, 0x8800, 0x8800, 0x8800, 0x8000, 0x8000, 0x8000, 
    0x8000, 0x8000, 0x8000, 0x8000, 0x8000, 0x8000, 0x8000, 0x8800, 0x8800, 0x8800, 0x8800, 0x8800, 0x8800, 0x9020, 0x9020, 0x9020, 0x9020, 0x9820, 0x9820, 0x9821, 0xa041, 0xa041, 0xa041, 0xa041, 0xa841, 0xa861, 0xa861, 0xb061, 0xb062, 0xb062, 0xb882, 0xb882, 0xb882, 0xc082, 0xc082, 0xc082, 0xc8a2, 0xc8a3, 0xc8a3, 0xd0a3, 0xd0a3, 0xd0c3, 0xd0c3, 0xd8c3, 0xd8c3, 0xd8c3, 0xe0e3, 0xe0e4, 0xe0e4, 0xe0e4, 0xe0e4, 0xe8e4, 0xe8e4, 0xe8e4, 0xe904, 0xe904, 0xe904, 0xe904, 0xe904, 0xe904, 0xe904, 0xe904, 0xe904, 0xe904, 0xe904, 0xe904, 0xe904, 0xe904, 0xe904, 0xe904, 0xe904, 0xe904, 0xe904, 0xe904, 0xe904, 0xe904, 0xe904, 0xe904, 0xe904, 0xe904, 0xe904, 0xe904, 0xe904, 0xe904, 0xe904, 0xe904, 0xe904, 0xe904, 0xe904, 0xe904, 0xe904, 0xe904, 0xe904, 0xe904, 0xe904, 0xe904, 0xe904, 0xe904, 0xc0e3, 0x20a1, 0xb4c4, 0xe604, 0xe604, 0xe604, 0xe604, 0xe604, 0xe305, 0xe904, 0xd0e4, 0x0841, 0x5a84, 0xe624, 0xe624, 0xe624, 0xe624, 0xe384, 0xe904, 0xe904, 0xe904, 0xe904, 0xe904, 0xe904, 0xe904, 0xe904, 0xe904, 0xe904, 0xe904, 0xe904, 0xe904, 0xe904, 0xe904, 0xe904, 0xe904, 0xe904, 0xe904, 0xe904, 0xe904, 0xe904, 0xe904, 0xe904, 0xe904, 0xe904, 0xe904, 0xe904, 0xe904, 0xe904, 0xe904, 0xe904, 0xe8e4, 0xe8e4, 0xe8e4, 0xe0e4, 0xe0e4, 0xe0e4, 0xe0e3, 0xd8c3, 0xd8c3, 0xd8c3, 0xd8c3, 0xd0c3, 0xd0a3, 0xd0a3, 0xc8a3, 0xc8a3, 0xc8a2, 0xc082, 0xc082, 0xc082, 0xb882, 0xb882, 0xb062, 0xb062, 0xb061, 0xa861, 0xa841, 0xa841, 0xa041, 0xa041, 0xa041, 0x9821, 0x9821, 0x9820, 0x9820, 0x9020, 0x9020, 0x9020, 0x9000, 0x8800, 0x8800, 0x8800, 0x8800, 0x8800, 0x8000, 0x8000, 0x8000, 
    0x8000, 0x8000, 0x8000, 0x8000, 0x8000, 0x8000, 0x8000, 0x8800, 0x8800, 0x8800, 0x8800, 0x8800, 0x8800, 0x9020, 0x9020, 0x9020, 0x9020, 0x9820, 0x9820, 0x9821, 0xa041, 0xa041, 0xa041, 0xa041, 0xa841, 0xa861, 0xa861, 0xb061, 0xb062, 0xb062, 0xb882, 0xb882, 0xb882, 0xc082, 0xc082, 0xc082, 0xc8a2, 0xc8a3, 0xc8a3, 0xd0a3, 0xd0a3, 0xd0c3, 0xd0c3, 0xd8c3, 0xd8c3, 0xd8c3, 0xe0e3, 0xe0e4, 0xe0e4, 0xe0e4, 0xe0e4, 0xe8e4, 0xe8e4, 0xe8e4, 0xe904, 0xe904, 0xe904, 0xe904, 0xe904, 0xe904, 0xe904, 0xe904, 0xe904, 0xe904, 0xe904, 0xe904, 0xe904, 0xe904, 0xe904, 0xe904, 0xe904, 0xe904, 0xe904, 0xe904, 0xe904, 0xe904, 0xe904, 0xe904, 0xe904, 0xe904, 0xe904, 0xe904, 0xe904, 0xe904, 0xe904, 0xe904, 0xe904, 0xe904, 0xe904, 0xe904, 0xe904, 0xe904, 0xe904, 0xe904, 0xe904, 0xe904, 0xe904, 0xe904, 0xe904, 0xb8c3, 0x20a1, 0xb4e4, 0xe604, 0xe604, 0xe604, 0xe604, 0xe604, 0xe305, 0x7082, 0x10a2, 0xbd46, 0xe624, 0xe624, 0xe624, 0xe624, 0xea04, 0xe904, 0xe904, 0xe904, 0xe904, 0xe904, 0xe904, 0xe904, 0xe904, 0xe904, 0xe904, 0xe904, 0xe904, 0xe904, 0xe904, 0xe904, 0xe904, 0xe904, 0xe904, 0xe904, 0xe904, 0xe904, 0xe904, 0xe904, 0xe904, 0xe904, 0xe904, 0xe904, 0xe904, 0xe904, 0xe904, 0xe904, 0xe904, 0xe8e4, 0xe8e4, 0xe8e4, 0xe0e4, 0xe0e4, 0xe0e4, 0xe0e3, 0xd8c3, 0xd8c3, 0xd8c3, 0xd8c3, 0xd0c3, 0xd0a3, 0xd0a3, 0xc8a3, 0xc8a3, 0xc8a2, 0xc082, 0xc082, 0xc082, 0xb882, 0xb882, 0xb062, 0xb062, 0xb061, 0xa861, 0xa841, 0xa841, 0xa041, 0xa041, 0xa041, 0x9821, 0x9821, 0x9820, 0x9820, 0x9020, 0x9020, 0x9020, 0x9000, 0x8800, 0x8800, 0x8800, 0x8800, 0x8800, 0x8000, 0x8000, 0x8000, 
    0x8000, 0x8000, 0x8000, 0x8000, 0x8000, 0x8000, 0x8000, 0x8800, 0x8800, 0x8800, 0x8800, 0x8800, 0x8800, 0x9020, 0x9020, 0x9020, 0x9020, 0x9820, 0x9820, 0x9821, 0xa041, 0xa041, 0xa041, 0xa041, 0xa841, 0xa861, 0xa861, 0xb061, 0xb062, 0xb062, 0xb882, 0xb882, 0xb882, 0xc082, 0xc082, 0xc082, 0xc8a2, 0xc8a3, 0xc8a3, 0xd0a3, 0xd0a3, 0xd0c3, 0xd0c3, 0xd8c3, 0xd8c3, 0xd8c3, 0xe0e3, 0xe0e4, 0xe0e4, 0xe0e4, 0xe0e4, 0xe8e4, 0xe8e4, 0xe8e4, 0xe904, 0xe904, 0xe904, 0xe904, 0xe904, 0xe904, 0xe904, 0xe904, 0xe904, 0xe904, 0xe904, 0xe904, 0xe904, 0xe904, 0xe904, 0xe904, 0xe904, 0xe904, 0xe904, 0xe904, 0xe904, 0xe904, 0xe904, 0xe904, 0xe904, 0xe904, 0xe904, 0xe904, 0xe904, 0xe904, 0xe904, 0xe904, 0xe904, 0xe904, 0xe904, 0xe364, 0xd165, 0xe904, 0xe904, 0xe904, 0xe904, 0xe904, 0xe904, 0xe904, 0xe904, 0xe904, 0xb8c3, 0x20a1, 0xbd04, 0xe604, 0xe604, 0xe604, 0xe604, 0xe604, 0x6ac3, 0x6b05, 0xe604, 0xe604, 0xe624, 0xe624, 0xdd65, 0xe904, 0xe904, 0xe904, 0xe904, 0xe904, 0xe904, 0xe904, 0xe904, 0xe904, 0xe904, 0xe904, 0xe904, 0xe904, 0xe904, 0xe904, 0xe904, 0xe904, 0xe904, 0xe904, 0xe904, 0xe904, 0xe904, 0xe904, 0xe904, 0xe904, 0xe904, 0xe904, 0xe904, 0xe904, 0xe904, 0xe904, 0xe904, 0xe904, 0xe8e4, 0xe8e4, 0xe8e4, 0xe0e4, 0xe0e4, 0xe0e4, 0xe0e3, 0xd8c3, 0xd8c3, 0xd8c3, 0xd8c3, 0xd0c3, 0xd0a3, 0xd0a3, 0xc8a3, 0xc8a3, 0xc8a2, 0xc082, 0xc082, 0xc082, 0xb882, 0xb882, 0xb062, 0xb062, 0xb061, 0xa861, 0xa841, 0xa841, 0xa041, 0xa041, 0xa041, 0x9821, 0x9821, 0x9820, 0x9820, 0x9020, 0x9020, 0x9020, 0x9000, 0x8800, 0x8800, 0x8800, 0x8800, 0x8800, 0x8000, 0x8000, 0x8000, 
    0x8000, 0x8000, 0x8000, 0x8000, 0x8000, 0x8000, 0x8000, 0x8800, 0x8800, 0x8800, 0x8800, 0x8800, 0x8800, 0x9020, 0x9020, 0x9020, 0x9020, 0x9820, 0x9820, 0x9821, 0xa041, 0xa041, 0xa041, 0xa041, 0xa841, 0xa861, 0xa861, 0xb061, 0xb062, 0xb062, 0xb882, 0xb882, 0xb882, 0xc082, 0xc082, 0xc082, 0xc8a2, 0xc8a3, 0xc8a3, 0xd0a3, 0xd0a3, 0xd0c3, 0xd0c3, 0xd8c3, 0xd8c3, 0xd8c3, 0xe0e3, 0xe0e4, 0xe0e4, 0xe0e4, 0xe0e4, 0xe8e4, 0xe8e4, 0xe8e4, 0xe904, 0xe904, 0xe904, 0xe904, 0xe904, 0xe904, 0xe904, 0xe904, 0xe904, 0xe904, 0xe904, 0xe904, 0xe904, 0xe904, 0xe904, 0xe904, 0xe904, 0xe904, 0xe904, 0xe904, 0xe904, 0xe904, 0xe904, 0xe904, 0xe904, 0xe904, 0xe904, 0xe904, 0xe904, 0xe904, 0xe904, 0xe904, 0xe944, 0xe344, 0xe484, 0xe604, 0xbd26, 0x8164, 0xe904, 0xe904, 0xe904, 0xe904, 0xe904, 0xe904, 0xe904, 0xe904, 0xe904, 0xb0c3, 0x20c1, 0xc524, 0xe604, 0xe604, 0xe604, 0xe604, 0xe604, 0xdde4, 0xe604, 0xe604, 0xe604, 0xe604, 0xdb66, 0xe904, 0xe904, 0xe904, 0xe904, 0xe904, 0xe904, 0xe904, 0xe904, 0xe904, 0xe904, 0xe904, 0xe904, 0xe904, 0xe904, 0xe904, 0xe904, 0xe904, 0xe904, 0xe904, 0xe904, 0xe904, 0xe904, 0xe904, 0xe904, 0xe904, 0xe904, 0xe904, 0xe904, 0xe904, 0xe904, 0xe904, 0xe904, 0xe904, 0xe8e4, 0xe8e4, 0xe8e4, 0xe0e4, 0xe0e4, 0xe0e4, 0xe0e3, 0xd8c3, 0xd8c3, 0xd8c3, 0xd8c3, 0xd0c3, 0xd0a3, 0xd0a3, 0xc8a3, 0xc8a3, 0xc8a2, 0xc082, 0xc082, 0xc082, 0xb882, 0xb882, 0xb062, 0xb062, 0xb061, 0xa861, 0xa841, 0xa841, 0xa041, 0xa041, 0xa041, 0x9821, 0x9821, 0x9820, 0x9820, 0x9020, 0x9020, 0x9020, 0x9000, 0x8800, 0x8800, 0x8800, 0x8800, 0x8800, 0x8000, 0x8000, 0x8000, 
    0x8000, 0x8000, 0x8000, 0x8000, 0x8000, 0x8000, 0x8000, 0x8800, 0x8800, 0x8800, 0x8800, 0x8800, 0x9000, 0x9020, 0x9020, 0x9020, 0x9020, 0x9820, 0x9820, 0x9821, 0xa041, 0xa041, 0xa041, 0xa041, 0xa841, 0xa861, 0xa861, 0xb061, 0xb062, 0xb062, 0xb882, 0xb882, 0xb882, 0xc082, 0xc082, 0xc082, 0xc8a2, 0xc8a3, 0xc8a3, 0xd0a3, 0xd0a3, 0xd0c3, 0xd0c3, 0xd8c3, 0xd8c3, 0xd8c3, 0xe0e3, 0xe0e4, 0xe0e4, 0xe0e4, 0xe0e4, 0xe8e4, 0xe8e4, 0xe8e4, 0xe904, 0xe904, 0xe904, 0xe904, 0xe904, 0xe904, 0xe904, 0xe904, 0xe904, 0xe904, 0xe904, 0xe904, 0xe904, 0xe904, 0xe904, 0xe904, 0xe904, 0xe904, 0xe904, 0xe904, 0xe904, 0xe904, 0xe904, 0xe904, 0xe904, 0xe904, 0xe904, 0xe904, 0xe904, 0xe904, 0xe924, 0xe324, 0xe4e4, 0xe604, 0xe604, 0xe604, 0xe604, 0xcd65, 0x81e4, 0xe0e4, 0xe904, 0xe904, 0xe904, 0xe904, 0xe904, 0xe904, 0xe904, 0xe904, 0xa8c3, 0x20e1, 0xc544, 0xe604, 0xe604, 0xe604, 0xe604, 0xe604, 0xe604, 0xe604, 0xe604, 0xdda5, 0xe145, 0xe904, 0xe904, 0xe904, 0xe904, 0xe904, 0xe904, 0xe904, 0xe904, 0xe904, 0xe904, 0xe904, 0xe904, 0xe904, 0xe904, 0xe904, 0xe904, 0xe904, 0xe904, 0xe904, 0xe904, 0xe904, 0xe904, 0xe904, 0xe904, 0xe904, 0xe904, 0xe904, 0xe904, 0xe904, 0xe904, 0xe904, 0xe904, 0xe904, 0xe8e4, 0xe8e4, 0xe8e4, 0xe0e4, 0xe0e4, 0xe0e4, 0xe0e3, 0xd8c3, 0xd8c3, 0xd8c3, 0xd8c3, 0xd0c3, 0xd0a3, 0xd0a3, 0xc8a3, 0xc8a3, 0xc8a2, 0xc082, 0xc082, 0xc082, 0xb882, 0xb882, 0xb062, 0xb062, 0xb061, 0xa861, 0xa841, 0xa841, 0xa041, 0xa041, 0xa041, 0x9821, 0x9821, 0x9820, 0x9820, 0x9020, 0x9020, 0x9020, 0x9000, 0x8800, 0x8800, 0x8800, 0x8800, 0x8800, 0x8000, 0x8000, 0x8000, 
    0x8000, 0x8000, 0x8000, 0x8000, 0x8000, 0x8000, 0x8000, 0x8800, 0x8800, 0x8800, 0x8800, 0x8800, 0x9000, 0x9020, 0x9020, 0x9020, 0x9020, 0x9820, 0x9820, 0x9821, 0xa041, 0xa041, 0xa041, 0xa041, 0xa841, 0xa861, 0xa861, 0xb061, 0xb062, 0xb062, 0xb882, 0xb882, 0xb882, 0xc082, 0xc082, 0xc082, 0xc8a2, 0xc8a3, 0xc8a3, 0xd0a3, 0xd0a3, 0xd0c3, 0xd0c3, 0xd8c3, 0xd8c3, 0xd8c3, 0xe0e3, 0xe0e4, 0xe0e4, 0xe0e4, 0xe0e4, 0xe8e4, 0xe8e4, 0xe8e4, 0xe904, 0xe904, 0xe904, 0xe904, 0xe904, 0xe904, 0xe904, 0xe904, 0xe904, 0xe904, 0xe904, 0xe904, 0xe904, 0xe904, 0xe904, 0xe904, 0xe904, 0xe904, 0xe904, 0xe904, 0xe904, 0xe904, 0xe904, 0xe904, 0xe904, 0xe904, 0xe904, 0xe904, 0xe904, 0xe904, 0xe3e5, 0xe604, 0xe604, 0xe604, 0xdde4, 0xe604, 0xe604, 0xe604, 0xde04, 0xa3a4, 0xb944, 0xe904, 0xe904, 0xe904, 0xe904, 0xe904, 0xe904, 0xe904, 0xe904, 0xa0c3, 0x20e1, 0xc564, 0xe604, 0xe604, 0xe604, 0xe604, 0xe604, 0xe604, 0xe604, 0xdac6, 0xe904, 0xe904, 0xe904, 0xe904, 0xe904, 0xe904, 0xe904, 0xe904, 0xe904, 0xe904, 0xe904, 0xe904, 0xe904, 0xe904, 0xe904, 0xe904, 0xe904, 0xe904, 0xe904, 0xe904, 0xe904, 0xe904, 0xe904, 0xe904, 0xe904, 0xe904, 0xe904, 0xe904, 0xe904, 0xe904, 0xe904, 0xe904, 0xe904, 0xe904, 0xe8e4, 0xe8e4, 0xe8e4, 0xe0e4, 0xe0e4, 0xe0e4, 0xe0e3, 0xd8c3, 0xd8c3, 0xd8c3, 0xd8c3, 0xd0c3, 0xd0a3, 0xd0a3, 0xc8a3, 0xc8a3, 0xc8a2, 0xc082, 0xc082, 0xc082, 0xb882, 0xb882, 0xb062, 0xb062, 0xb061, 0xa861, 0xa841, 0xa841, 0xa041, 0xa041, 0xa041, 0x9821, 0x9821, 0x9820, 0x9820, 0x9020, 0x9020, 0x9020, 0x9000, 0x8800, 0x8800, 0x8800, 0x8800, 0x8800, 0x8000, 0x8000, 0x8000, 
    0x8000, 0x8000, 0x8000, 0x8000, 0x8000, 0x8000, 0x8000, 0x8800, 0x8800, 0x8800, 0x8800, 0x8800, 0x8800, 0x9020, 0x9020, 0x9020, 0x9020, 0x9820, 0x9820, 0x9821, 0xa041, 0xa041, 0xa041, 0xa041, 0xa841, 0xa861, 0xa861, 0xb061, 0xb062, 0xb062, 0xb882, 0xb882, 0xb882, 0xc082, 0xc082, 0xc082, 0xc8a2, 0xc8a3, 0xc8a3, 0xd0a3, 0xd0a3, 0xd0c3, 0xd0c3, 0xd8c3, 0xd8c3, 0xd8c3, 0xe0e3, 0xe0e4, 0xe0e4, 0xe0e4, 0xe0e4, 0xe8e4, 0xe8e4, 0xe8e4, 0xe904, 0xe904, 0xe904, 0xe904, 0xe904, 0xe904, 0xe904, 0xe904, 0xe904, 0xe904, 0xe904, 0xe904, 0xe904, 0xe904, 0xe904, 0xe904, 0xe904, 0xe904, 0xe904, 0xe904, 0xe904, 0xe904, 0xe904, 0xe904, 0xe904, 0xe904, 0xe904, 0xe904, 0xe904, 0xe245, 0xde04, 0xe604, 0xe604, 0xcd64, 0x18c1, 0xb4c4, 0xe604, 0xe604, 0xe604, 0xe604, 0xd5c4, 0xb3c5, 0xb9e5, 0xd0e4, 0xe904, 0xe904, 0xe904, 0xe904, 0xb8c3, 0x8123, 0x6aa3, 0xc544, 0xe604, 0xe604, 0xe604, 0xe604, 0xe604, 0xe604, 0xe4c5, 0xe904, 0xe904, 0xe904, 0xe904, 0xe904, 0xe904, 0xe904, 0xe904, 0xe904, 0xe904, 0xe904, 0xe904, 0xe904, 0xe904, 0xe904, 0xe904, 0xe904, 0xe904, 0xe904, 0xe904, 0xe904, 0xe904, 0xe904, 0xe904, 0xe904, 0xe904, 0xe904, 0xe904, 0xe904, 0xe904, 0xe904, 0xe904, 0xe904, 0xe904, 0xe904, 0xe8e4, 0xe8e4, 0xe8e4, 0xe0e4, 0xe0e4, 0xe0e4, 0xe0e3, 0xd8c3, 0xd8c3, 0xd8c3, 0xd8c3, 0xd0c3, 0xd0a3, 0xd0a3, 0xc8a3, 0xc8a3, 0xc8a2, 0xc082, 0xc082, 0xc082, 0xb882, 0xb882, 0xb062, 0xb062, 0xb061, 0xa861, 0xa841, 0xa841, 0xa041, 0xa041, 0xa041, 0x9821, 0x9821, 0x9820, 0x9820, 0x9020, 0x9020, 0x9020, 0x9000, 0x8800, 0x8800, 0x8800, 0x8800, 0x8800, 0x8000, 0x8000, 0x8000, 
    0x8000, 0x8000, 0x8000, 0x8000, 0x8000, 0x8000, 0x8000, 0x8800, 0x8800, 0x8800, 0x8800, 0x8800, 0x8800, 0x9020, 0x9020, 0x9020, 0x9020, 0x9820, 0x9820, 0x9821, 0xa041, 0xa041, 0xa041, 0xa041, 0xa841, 0xa861, 0xa861, 0xb061, 0xb062, 0xb062, 0xb882, 0xb882, 0xb882, 0xc082, 0xc082, 0xc082, 0xc8a2, 0xc8a3, 0xc8a3, 0xd0a3, 0xd0a3, 0xd0c3, 0xd0c3, 0xd8c3, 0xd8c3, 0xd8c3, 0xe0e3, 0xe0e4, 0xe0e4, 0xe0e4, 0xe0e4, 0xe8e4, 0xe8e4, 0xe8e4, 0xe904, 0xe904, 0xe904, 0xe904, 0xe904, 0xe904, 0xe904, 0xe904, 0xe904, 0xe904, 0xe904, 0xe904, 0xe904, 0xe904, 0xe904, 0xe904, 0xe904, 0xe904, 0xe904, 0xe904, 0xe904, 0xe904, 0xe904, 0xe904, 0xe904, 0xe904, 0xe904, 0xe904, 0xea44, 0xe5c4, 0xe604, 0xe604, 0xe604, 0xa484, 0x3861, 0xb103, 0xe4c4, 0xe604, 0xe604, 0xe604, 0xe604, 0xe604, 0xe604, 0xcd85, 0xbc64, 0xb3a4, 0xaba4, 0x9c03, 0xbd04, 0xde04, 0xe604, 0xe604, 0xe604, 0xe604, 0xe604, 0xe604, 0xe604, 0xe604, 0xe604, 0xe365, 0xe904, 0xe904, 0xe904, 0xe904, 0xe904, 0xe904, 0xe904, 0xe904, 0xe904, 0xe904, 0xe904, 0xe904, 0xe904, 0xe904, 0xe904, 0xe904, 0xe904, 0xe904, 0xe904, 0xe904, 0xe904, 0xe904, 0xe904, 0xe904, 0xe904, 0xe904, 0xe904, 0xe904, 0xe904, 0xe904, 0xe904, 0xe904, 0xe904, 0xe904, 0xe8e4, 0xe8e4, 0xe8e4, 0xe0e4, 0xe0e4, 0xe0e4, 0xe0e3, 0xd8c3, 0xd8c3, 0xd8c3, 0xd8c3, 0xd0c3, 0xd0a3, 0xd0a3, 0xc8a3, 0xc8a3, 0xc8a2, 0xc082, 0xc082, 0xc082, 0xb882, 0xb882, 0xb062, 0xb062, 0xb061, 0xa861, 0xa841, 0xa841, 0xa041, 0xa041, 0xa041, 0x9821, 0x9821, 0x9820, 0x9820, 0x9020, 0x9020, 0x9020, 0x9000, 0x8800, 0x8800, 0x8800, 0x8800, 0x8800, 0x8000, 0x8000, 0x8000, 
    0x8000, 0x8000, 0x8000, 0x8000, 0x8000, 0x8000, 0x8000, 0x8800, 0x8800, 0x8800, 0x8800, 0x8800, 0x8800, 0x9020, 0x9020, 0x9020, 0x9020, 0x9820, 0x9820, 0x9821, 0xa041, 0xa041, 0xa041, 0xa041, 0xa841, 0xa861, 0xa861, 0xb061, 0xb062, 0xb062, 0xb882, 0xb882, 0xb882, 0xc082, 0xc082, 0xc082, 0xc8a2, 0xc8a3, 0xc8a3, 0xd0a3, 0xd0a3, 0xd0c3, 0xd0c3, 0xd8c3, 0xd8c3, 0xd8c3, 0xe0e3, 0xe0e4, 0xe0e4, 0xe0e4, 0xe0e4, 0xe8e4, 0xe8e4, 0xe8e4, 0xe904, 0xe904, 0xe904, 0xe904, 0xe904, 0xe904, 0xe904, 0xe904, 0xe904, 0xe904, 0xe904, 0xe904, 0xe904, 0xe904, 0xe904, 0xe904, 0xe904, 0xe904, 0xe904, 0xe904, 0xe904, 0xe904, 0xe904, 0xe904, 0xe904, 0xe904, 0xe904, 0xe3a4, 0xe604, 0xe604, 0xe604, 0xcd84, 0x39c2, 0x7082, 0xe904, 0xe904, 0xe924, 0xe445, 0xe604, 0xe604, 0xe604, 0xe604, 0xe604, 0xe604, 0xde04, 0xe604, 0xe604, 0xe604, 0xe604, 0xe604, 0xe604, 0xe604, 0xe604, 0xe604, 0xe604, 0xe604, 0xe604, 0xe604, 0xe604, 0xe604, 0xe364, 0xe904, 0xe904, 0xe904, 0xe904, 0xe904, 0xe904, 0xe904, 0xe904, 0xe904, 0xe904, 0xe904, 0xe904, 0xe904, 0xe904, 0xe904, 0xe904, 0xe904, 0xe904, 0xe904, 0xe904, 0xe904, 0xe904, 0xe904, 0xe904, 0xe904, 0xe904, 0xe904, 0xe904, 0xe904, 0xe904, 0xe904, 0xe904, 0xe904, 0xe8e4, 0xe8e4, 0xe8e4, 0xe0e4, 0xe0e4, 0xe0e4, 0xe0e3, 0xd8c3, 0xd8c3, 0xd8c3, 0xd8c3, 0xd0c3, 0xd0a3, 0xd0a3, 0xc8a3, 0xc8a3, 0xc8a2, 0xc082, 0xc082, 0xc082, 0xb882, 0xb882, 0xb062, 0xb062, 0xb061, 0xa861, 0xa841, 0xa841, 0xa041, 0xa041, 0xa041, 0x9821, 0x9821, 0x9820, 0x9820, 0x9020, 0x9020, 0x9020, 0x9000, 0x8800, 0x8800, 0x8800, 0x8800, 0x8800, 0x8000, 0x8000, 0x8000, 
    0x8000, 0x8000, 0x8000, 0x8000, 0x8000, 0x8000, 0x8000, 0x8800, 0x8800, 0x8800, 0x8800, 0x8800, 0x8800, 0x9020, 0x9020, 0x9020, 0x9020, 0x9820, 0x9820, 0x9821, 0xa041, 0xa041, 0xa041, 0xa041, 0xa841, 0xa861, 0xa861, 0xb061, 0xb062, 0xb062, 0xb882, 0xb882, 0xb882, 0xc082, 0xc082, 0xc082, 0xc8a2, 0xc8a3, 0xc8a3, 0xd0a3, 0xd0a3, 0xd0c3, 0xd0c3, 0xd8c3, 0xd8c3, 0xd8c3, 0xe0e3, 0xe0e4, 0xe0e4, 0xe0e4, 0xe0e4, 0xe8e4, 0xe8e4, 0xe8e4, 0xe904, 0xe904, 0xe904, 0xe904, 0xe904, 0xe904, 0xe904, 0xe904, 0xe904, 0xe904, 0xe904, 0xe904, 0xe904, 0xe904, 0xe904, 0xe904, 0xe904, 0xe904, 0xe904, 0xe904, 0xe904, 0xe904, 0xe904, 0xe904, 0xe904, 0xe984, 0xe4e4, 0xe604, 0xe604, 0xe604, 0xcd84, 0x2921, 0x6082, 0xe904, 0xe904, 0xe904, 0xe904, 0xe904, 0xeaa4, 0xe584, 0xe604, 0xe604, 0xe604, 0xe604, 0xde04, 0xde04, 0xde04, 0xe604, 0xe604, 0xe604, 0xe604, 0xe604, 0xe604, 0xe604, 0xddc4, 0xd5a4, 0xe604, 0xe604, 0xe604, 0xe604, 0xe604, 0xe364, 0xe904, 0xe904, 0xe904, 0xe904, 0xe904, 0xe904, 0xe904, 0xe904, 0xe904, 0xe904, 0xe904, 0xe904, 0xe904, 0xe904, 0xe904, 0xe904, 0xe904, 0xe904, 0xe904, 0xe904, 0xe904, 0xe904, 0xe904, 0xe904, 0xe904, 0xe904, 0xe904, 0xe904, 0xe904, 0xe904, 0xe904, 0xe904, 0xe8e4, 0xe8e4, 0xe8e4, 0xe0e4, 0xe0e4, 0xe0e4, 0xe0e3, 0xd8c3, 0xd8c3, 0xd8c3, 0xd8c3, 0xd0c3, 0xd0a3, 0xd0a3, 0xc8a3, 0xc8a3, 0xc8a2, 0xc082, 0xc082, 0xc082, 0xb882, 0xb882, 0xb062, 0xb062, 0xb061, 0xa861, 0xa841, 0xa841, 0xa041, 0xa041, 0xa041, 0x9821, 0x9821, 0x9820, 0x9820, 0x9020, 0x9020, 0x9020, 0x9000, 0x8800, 0x8800, 0x8800, 0x8800, 0x8800, 0x8000, 0x8000, 0x8000, 
    0x8000, 0x8000, 0x8000, 0x8000, 0x8000, 0x8000, 0x8000, 0x8800, 0x8800, 0x8800, 0x8800, 0x8800, 0x8800, 0x9020, 0x9020, 0x9020, 0x9020, 0x9820, 0x9820, 0x9821, 0xa041, 0xa041, 0xa041, 0xa041, 0xa841, 0xa861, 0xa861, 0xb061, 0xb062, 0xb062, 0xb882, 0xb882, 0xb882, 0xc082, 0xc082, 0xc082, 0xc8a2, 0xc8a3, 0xc8a3, 0xd0a3, 0xd0a3, 0xd0c3, 0xd0c3, 0xd8c3, 0xd8c3, 0xd8c3, 0xe0e3, 0xe0e4, 0xe0e4, 0xe0e4, 0xe0e4, 0xe8e4, 0xe8e4, 0xe8e4, 0xe904, 0xe904, 0xe904, 0xe904, 0xe904, 0xe904, 0xe904, 0xe904, 0xe904, 0xe904, 0xe904, 0xe904, 0xe904, 0xe904, 0xe904, 0xe904, 0xe904, 0xe904, 0xe904, 0xe904, 0xe904, 0xe904, 0xe904, 0xe904, 0xe9a4, 0xe584, 0xe604, 0xe604, 0xe604, 0xdde4, 0x3981, 0x3861, 0xe8e4, 0xe904, 0xe904, 0xe904, 0xe904, 0xe904, 0xe904, 0xe944, 0xe364, 0xe5a4, 0xde04, 0xde04, 0xde04, 0xde04, 0xde04, 0xde04, 0xde04, 0xe604, 0xe604, 0xe604, 0xe5e4, 0xe424, 0x9143, 0x3161, 0xd5a4, 0xe604, 0xe604, 0xe604, 0xe604, 0xe604, 0xe364, 0xe904, 0xe904, 0xe904, 0xe904, 0xe904, 0xe904, 0xe904, 0xe904, 0xe904, 0xe904, 0xe904, 0xe904, 0xe904, 0xe904, 0xe904, 0xe904, 0xe904, 0xe904, 0xe904, 0xe904, 0xe904, 0xe904, 0xe904, 0xe904, 0xe904, 0xe904, 0xe904, 0xe904, 0xe904, 0xe904, 0xe904, 0xe8e4, 0xe8e4, 0xe8e4, 0xe0e4, 0xe0e4, 0xe0e4, 0xe0e3, 0xd8c3, 0xd8c3, 0xd8c3, 0xd8c3, 0xd0c3, 0xd0a3, 0xd0a3, 0xc8a3, 0xc8a3, 0xc8a2, 0xc082, 0xc082, 0xc082, 0xb882, 0xb882, 0xb062, 0xb062, 0xb061, 0xa861, 0xa841, 0xa841, 0xa041, 0xa041, 0xa041, 0x9821, 0x9821, 0x9820, 0x9820, 0x9020, 0x9020, 0x9020, 0x9000, 0x8800, 0x8800, 0x8800, 0x8800, 0x8800, 0x8000, 0x8000, 0x8000, 
    0x8000, 0x8000, 0x8000, 0x8000, 0x8000, 0x8000, 0x8000, 0x8800, 0x8800, 0x8800, 0x8800, 0x8800, 0x8800, 0x9020, 0x9020, 0x9020, 0x9020, 0x9820, 0x9820, 0x9821, 0xa041, 0xa041, 0xa041, 0xa041, 0xa841, 0xa861, 0xa861, 0xb061, 0xb062, 0xb062, 0xb882, 0xb882, 0xb882, 0xc082, 0xc082, 0xc082, 0xc8a2, 0xc8a3, 0xc8a3, 0xd0a3, 0xd0a3, 0xd0c3, 0xd0c3, 0xd8c3, 0xd8c3, 0xd8c3, 0xe0e3, 0xe0e4, 0xe0e4, 0xe0e4, 0xe0e4, 0xe8e4, 0xe8e4, 0xe8e4, 0xe904, 0xe904, 0xe904, 0xe904, 0xe904, 0xe904, 0xe904, 0xe904, 0xe904, 0xe904, 0xe904, 0xe904, 0xe904, 0xe904, 0xe904, 0xe904, 0xe904, 0xe904, 0xe904, 0xe904, 0xe904, 0xe904, 0xe904, 0xe924, 0xdd24, 0xe604, 0xe604, 0xe604, 0xe604, 0x62a2, 0x1041, 0xd0e4, 0xe904, 0xe904, 0xe904, 0xe904, 0xe904, 0xe904, 0xe904, 0xe904, 0xe904, 0xe924, 0xeaa4, 0xe424, 0xdd64, 0xde04, 0xde04, 0xde04, 0xde04, 0xddc5, 0xdcc5, 0xe344, 0xe984, 0xe904, 0xe904, 0x80a2, 0x3981, 0xd5c4, 0xe604, 0xe604, 0xe604, 0xe604, 0xe604, 0xe344, 0xe904, 0xe904, 0xe904, 0xe904, 0xe904, 0xe904, 0xe904, 0xe904, 0xe904, 0xe904, 0xe904, 0xe904, 0xe904, 0xe904, 0xe904, 0xe904, 0xe904, 0xe904, 0xe904, 0xe904, 0xe904, 0xe904, 0xe904, 0xe904, 0xe904, 0xe904, 0xe904, 0xe904, 0xe904, 0xe904, 0xe8e4, 0xe8e4, 0xe8e4, 0xe0e4, 0xe0e4, 0xe0e4, 0xe0e3, 0xd8c3, 0xd8c3, 0xd8c3, 0xd8c3, 0xd0c3, 0xd0a3, 0xd0a3, 0xc8a3, 0xc8a3, 0xc8a2, 0xc082, 0xc082, 0xc082, 0xb882, 0xb882, 0xb062, 0xb062, 0xb061, 0xa861, 0xa841, 0xa841, 0xa041, 0xa041, 0xa041, 0x9821, 0x9821, 0x9820, 0x9820, 0x9020, 0x9020, 0x9020, 0x9000, 0x8800, 0x8800, 0x8800, 0x8800, 0x8800, 0x8000, 0x8000, 0x8000, 
    0x8000, 0x8000, 0x8000, 0x8000, 0x8000, 0x8000, 0x8000, 0x8800, 0x8800, 0x8800, 0x8800, 0x8800, 0x8800, 0x9020, 0x9020, 0x9020, 0x9020, 0x9820, 0x9820, 0x9821, 0xa041, 0xa041, 0xa041, 0xa041, 0xa841, 0xa861, 0xa861, 0xb061, 0xb062, 0xb062, 0xb882, 0xb882, 0xb882, 0xc082, 0xc082, 0xc082, 0xc8a2, 0xc8a3, 0xc8a3, 0xd0a3, 0xd0a3, 0xd0c3, 0xd0c3, 0xd8c3, 0xd8c3, 0xd8c3, 0xe0e3, 0xe0e4, 0xe0e4, 0xe0e4, 0xe0e4, 0xe8e4, 0xe8e4, 0xe8e4, 0xe904, 0xe904, 0xe904, 0xe904, 0xe904, 0xe904, 0xe904, 0xe904, 0xe904, 0xe904, 0xe904, 0xe904, 0xe904, 0xe904, 0xe904, 0xe904, 0xe904, 0xe904, 0xe904, 0xe904, 0xe904, 0xe904, 0xe904, 0xea64, 0xe604, 0xe604, 0xe604, 0xe604, 0x9c23, 0x0820, 0x7082, 0xa8c3, 0xa8a3, 0xa0a3, 0x98a3, 0x98a3, 0x98a3, 0x98a3, 0xa0a3, 0xa0a3, 0x90a2, 0x8882, 0x9082, 0x90a2, 0x90a2, 0x90e3, 0x9143, 0x9963, 0x9923, 0xa8c3, 0xa8c3, 0xb0c3, 0xb8c3, 0xc0c3, 0xc8e3, 0xd8e4, 0x7082, 0x41c2, 0xdde4, 0xe604, 0xe604, 0xe604, 0xe604, 0xe3c4, 0xe904, 0xe904, 0xe904, 0xe904, 0xe904, 0xe904, 0xe904, 0xe904, 0xe904, 0xe904, 0xe904, 0xe904, 0xe904, 0xe904, 0xe904, 0xe904, 0xe904, 0xe904, 0xe904, 0xe904, 0xe904, 0xe904, 0xe904, 0xe904, 0xe904, 0xe904, 0xe904, 0xe904, 0xe904, 0xe904, 0xe8e4, 0xe8e4, 0xe8e4, 0xe0e4, 0xe0e4, 0xe0e4, 0xe0e3, 0xd8c3, 0xd8c3, 0xd8c3, 0xd8c3, 0xd0c3, 0xd0a3, 0xd0a3, 0xc8a3, 0xc8a3, 0xc8a2, 0xc082, 0xc082, 0xc082, 0xb882, 0xb882, 0xb062, 0xb062, 0xb061, 0xa861, 0xa841, 0xa841, 0xa041, 0xa041, 0xa041, 0x9821, 0x9821, 0x9820, 0x9820, 0x9020, 0x9020, 0x9020, 0x9000, 0x8800, 0x8800, 0x8800, 0x8800, 0x8800, 0x8000, 0x8000, 0x8000, 
    0x8000, 0x8000, 0x8000, 0x8000, 0x8000, 0x8000, 0x8000, 0x8800, 0x8800, 0x8800, 0x8800, 0x8800, 0x8800, 0x9020, 0x9020, 0x9020, 0x9020, 0x9820, 0x9820, 0x9821, 0xa041, 0xa041, 0xa041, 0xa041, 0xa841, 0xa861, 0xa861, 0xb061, 0xb062, 0xb062, 0xb882, 0xb882, 0xb882, 0xc082, 0xc082, 0xc082, 0xc8a2, 0xc8a3, 0xc8a3, 0xd0a3, 0xd0a3, 0xd0c3, 0xd0c3, 0xd8c3, 0xd8c3, 0xd8c3, 0xe0e3, 0xe0e4, 0xe0e4, 0xe0e4, 0xe0e4, 0xe8e4, 0xe8e4, 0xe8e4, 0xe904, 0xe904, 0xe904, 0xe904, 0xe904, 0xe904, 0xe904, 0xe904, 0xe904, 0xe904, 0xe904, 0xe904, 0xe904, 0xe904, 0xe904, 0xe904, 0xe904, 0xe904, 0xe904, 0xe904, 0xe904, 0xe904, 0xe904, 0xeaa4, 0xe604, 0xe604, 0xe604, 0xc524, 0x2881, 0x5061, 0x6062, 0x6062, 0x6062, 0x6062, 0x6062, 0x6062, 0x6062, 0x6062, 0x6062, 0x6062, 0x6062, 0x6062, 0x6062, 0x6062, 0x6062, 0x6062, 0x6062, 0x6062, 0x6062, 0x6062, 0x6062, 0x6062, 0x6062, 0x6062, 0x6062, 0x6062, 0x8882, 0x3861, 0x49e2, 0xdde4, 0xe604, 0xe604, 0xe5a4, 0xe964, 0xe904, 0xe904, 0xe904, 0xe904, 0xe904, 0xe904, 0xe904, 0xe904, 0xe904, 0xe904, 0xe904, 0xe904, 0xe904, 0xe904, 0xe904, 0xe904, 0xe904, 0xe904, 0xe904, 0xe904, 0xe904, 0xe904, 0xe904, 0xe904, 0xe904, 0xe904, 0xe904, 0xe904, 0xe904, 0xe904, 0xe8e4, 0xe8e4, 0xe8e4, 0xe0e4, 0xe0e4, 0xe0e4, 0xe0e3, 0xd8c3, 0xd8c3, 0xd8c3, 0xd8c3, 0xd0c3, 0xd0a3, 0xd0a3, 0xc8a3, 0xc8a3, 0xc8a2, 0xc082, 0xc082, 0xc082, 0xb882, 0xb882, 0xb062, 0xb062, 0xb061, 0xa861, 0xa841, 0xa841, 0xa041, 0xa041, 0xa041, 0xa021, 0x9821, 0x9820, 0x9820, 0x9020, 0x9020, 0x9020, 0x9000, 0x8800, 0x8800, 0x8800, 0x8800, 0x8800, 0x8000, 0x8000, 0x8000, 
    0x8000, 0x8000, 0x8000, 0x8000, 0x8000, 0x8000, 0x8000, 0x8800, 0x8800, 0x8800, 0x8800, 0x8800, 0x8800, 0x9020, 0x9020, 0x9020, 0x9020, 0x9820, 0x9820, 0x9821, 0xa041, 0xa041, 0xa041, 0xa041, 0xa841, 0xa861, 0xa861, 0xb061, 0xb062, 0xb062, 0xb882, 0xb882, 0xb882, 0xc082, 0xc082, 0xc082, 0xc8a2, 0xc8a3, 0xc8a3, 0xd0a3, 0xd0a3, 0xd0c3, 0xd0c3, 0xd8c3, 0xd8c3, 0xd8c3, 0xe0e3, 0xe0e4, 0xe0e4, 0xe0e4, 0xe0e4, 0xe8e4, 0xe8e4, 0xe8e4, 0xe904, 0xe904, 0xe904, 0xe904, 0xe904, 0xe904, 0xe904, 0xe904, 0xe904, 0xe904, 0xe904, 0xe904, 0xe904, 0xe904, 0xe904, 0xe904, 0xe904, 0xe904, 0xe904, 0xe904, 0xe904, 0xe904, 0xe904, 0xe944, 0xcce4, 0xe604, 0xbca4, 0x60e2, 0x6862, 0x7082, 0x7882, 0x8082, 0x8882, 0x90a2, 0x98a2, 0x90a2, 0x8882, 0x8082, 0x8082, 0x7882, 0x7882, 0x7082, 0x7082, 0x6862, 0x6862, 0x6862, 0x6862, 0x6862, 0x6862, 0x6862, 0x7062, 0x7082, 0x7882, 0x7882, 0x7882, 0x7082, 0x6862, 0x6862, 0x5861, 0x6a22, 0xdde4, 0xc4a4, 0xc1a3, 0xe904, 0xe904, 0xe904, 0xe904, 0xe904, 0xe904, 0xe904, 0xe904, 0xe904, 0xe904, 0xe904, 0xe904, 0xe904, 0xe904, 0xe904, 0xe904, 0xe904, 0xe904, 0xe904, 0xe904, 0xe904, 0xe904, 0xe904, 0xe904, 0xe904, 0xe904, 0xe904, 0xe904, 0xe904, 0xe904, 0xe904, 0xe8e4, 0xe8e4, 0xe8e4, 0xe0e4, 0xe0e4, 0xe0e4, 0xe0e3, 0xd8c3, 0xd8c3, 0xd8c3, 0xd8c3, 0xd0c3, 0xd0a3, 0xd0a3, 0xc8a3, 0xc8a3, 0xc8a2, 0xc082, 0xc082, 0xc082, 0xb882, 0xb882, 0xb062, 0xb062, 0xb061, 0xa861, 0xa841, 0xa841, 0xa041, 0xa041, 0xa041, 0xa021, 0x9821, 0x9820, 0x9820, 0x9020, 0x9020, 0x9020, 0x9000, 0x8800, 0x8800, 0x8800, 0x8800, 0x8800, 0x8000, 0x8000, 0x8000, 
    0x8000, 0x8000, 0x8000, 0x8000, 0x8000, 0x8000, 0x8000, 0x8800, 0x8800, 0x8800, 0x8800, 0x8800, 0x8800, 0x9020, 0x9020, 0x9020, 0x9020, 0x9820, 0x9820, 0x9821, 0xa041, 0xa041, 0xa041, 0xa041, 0xa841, 0xa861, 0xa861, 0xb061, 0xb062, 0xb062, 0xb882, 0xb882, 0xb882, 0xc082, 0xc082, 0xc082, 0xc8a2, 0xc8a3, 0xc8a3, 0xd0a3, 0xd0a3, 0xd0c3, 0xd0c3, 0xd8c3, 0xd8c3, 0xd8c3, 0xe0e3, 0xe0e4, 0xe0e4, 0xe0e4, 0xe0e4, 0xe8e4, 0xe8e4, 0xe8e4, 0xe904, 0xe904, 0xe904, 0xe904, 0xe904, 0xe904, 0xe904, 0xe904, 0xe904, 0xe904, 0xe904, 0xe904, 0xe904, 0xe904, 0xe904, 0xe904, 0xe904, 0xe904, 0xe904, 0xe904, 0xe904, 0xe904, 0xe904, 0xe904, 0xe104, 0xe945, 0xe0e4, 0xe0e4, 0xe904, 0xe904, 0xe904, 0xe904, 0xe904, 0xe904, 0xe904, 0xe904, 0xe904, 0xe904, 0xe904, 0xe904, 0xe904, 0xe904, 0xe904, 0xe904, 0xe904, 0xe904, 0xe904, 0xe904, 0xe904, 0xe904, 0xe904, 0xe904, 0xe904, 0xe904, 0xe904, 0xe904, 0xe904, 0xe904, 0xe8e4, 0xe0e4, 0xe944, 0xe0e4, 0xe8e4, 0xe904, 0xe904, 0xe904, 0xe904, 0xe904, 0xe904, 0xe904, 0xe904, 0xe904, 0xe904, 0xe904, 0xe904, 0xe904, 0xe904, 0xe904, 0xe904, 0xe904, 0xe904, 0xe904, 0xe904, 0xe904, 0xe904, 0xe904, 0xe904, 0xe904, 0xe904, 0xe904, 0xe904, 0xe904, 0xe904, 0xe904, 0xe8e4, 0xe8e4, 0xe8e4, 0xe0e4, 0xe0e4, 0xe0e4, 0xe0e3, 0xd8c3, 0xd8c3, 0xd8c3, 0xd8c3, 0xd0c3, 0xd0a3, 0xd0a3, 0xc8a3, 0xc8a3, 0xc8a2, 0xc082, 0xc082, 0xc082, 0xb882, 0xb882, 0xb062, 0xb062, 0xb061, 0xa861, 0xa841, 0xa841, 0xa041, 0xa041, 0xa041, 0x9821, 0x9821, 0x9820, 0x9820, 0x9020, 0x9020, 0x9020, 0x9000, 0x8800, 0x8800, 0x8800, 0x8800, 0x8800, 0x8000, 0x8000, 0x8000, 
    0x8000, 0x8000, 0x8000, 0x8000, 0x8000, 0x8000, 0x8000, 0x8800, 0x8800, 0x8800, 0x8800, 0x8800, 0x8800, 0x9020, 0x9020, 0x9020, 0x9020, 0x9820, 0x9820, 0x9821, 0xa041, 0xa041, 0xa041, 0xa041, 0xa841, 0xa861, 0xa861, 0xb061, 0xb062, 0xb062, 0xb882, 0xb882, 0xb882, 0xc082, 0xc082, 0xc082, 0xc8a2, 0xc8a3, 0xc8a3, 0xd0a3, 0xd0a3, 0xd0c3, 0xd0c3, 0xd8c3, 0xd8c3, 0xd8c3, 0xe0e3, 0xe0e4, 0xe0e4, 0xe0e4, 0xe0e4, 0xe8e4, 0xe8e4, 0xe8e4, 0xe904, 0xe904, 0xe904, 0xe904, 0xe904, 0xe904, 0xe904, 0xe904, 0xe904, 0xe904, 0xe904, 0xe904, 0xe904, 0xe904, 0xe904, 0xe904, 0xe904, 0xe904, 0xe904, 0xe904, 0xe904, 0xe904, 0xe904, 0xe904, 0xe904, 0xe904, 0xe904, 0xe904, 0xe904, 0xe904, 0xe904, 0xe904, 0xe904, 0xe904, 0xe904, 0xe904, 0xe904, 0xe904, 0xe904, 0xe904, 0xe904, 0xe904, 0xe904, 0xe904, 0xe904, 0xe904, 0xe904, 0xe904, 0xe904, 0xe904, 0xe904, 0xe904, 0xe904, 0xe904, 0xe904, 0xe904, 0xe904, 0xe904, 0xe904, 0xe904, 0xe904, 0xe904, 0xe904, 0xe904, 0xe904, 0xe904, 0xe904, 0xe904, 0xe904, 0xe904, 0xe904, 0xe904, 0xe904, 0xe904, 0xe904, 0xe904, 0xe904, 0xe904, 0xe904, 0xe904, 0xe904, 0xe904, 0xe904, 0xe904, 0xe904, 0xe904, 0xe904, 0xe904, 0xe904, 0xe904, 0xe904, 0xe904, 0xe904, 0xe904, 0xe8e4, 0xe8e4, 0xe8e4, 0xe0e4, 0xe0e4, 0xe0e4, 0xe0e3, 0xd8c3, 0xd8c3, 0xd8c3, 0xd8c3, 0xd0c3, 0xd0a3, 0xd0a3, 0xc8a3, 0xc8a3, 0xc8a2, 0xc082, 0xc082, 0xc082, 0xb882, 0xb882, 0xb062, 0xb062, 0xb061, 0xa861, 0xa841, 0xa841, 0xa041, 0xa041, 0xa041, 0x9821, 0x9821, 0x9820, 0x9820, 0x9020, 0x9020, 0x9020, 0x9000, 0x8800, 0x8800, 0x8800, 0x8800, 0x8800, 0x8000, 0x8000, 0x8000, 
    0x8000, 0x8000, 0x8000, 0x8000, 0x8000, 0x8000, 0x8000, 0x8800, 0x8800, 0x8800, 0x8800, 0x8800, 0x8800, 0x9020, 0x9020, 0x9020, 0x9020, 0x9820, 0x9820, 0x9821, 0xa041, 0xa041, 0xa041, 0xa041, 0xa841, 0xa861, 0xa861, 0xb061, 0xb062, 0xb062, 0xb882, 0xb882, 0xb882, 0xc082, 0xc082, 0xc082, 0xc8a2, 0xc8a3, 0xc8a3, 0xd0a3, 0xd0a3, 0xd0c3, 0xd0c3, 0xd8c3, 0xd8c3, 0xd8c3, 0xe0e3, 0xe0e4, 0xe0e4, 0xe0e4, 0xe0e4, 0xe8e4, 0xe8e4, 0xe8e4, 0xe904, 0xe904, 0xe904, 0xe904, 0xe904, 0xe904, 0xe904, 0xe904, 0xe904, 0xe904, 0xe904, 0xe904, 0xe904, 0xe904, 0xe904, 0xe904, 0xe904, 0xe904, 0xe904, 0xe904, 0xe904, 0xe904, 0xe904, 0xe904, 0xe904, 0xe904, 0xe904, 0xe904, 0xe904, 0xe904, 0xe904, 0xe904, 0xe904, 0xe904, 0xe904, 0xe904, 0xe904, 0xe904, 0xe904, 0xe904, 0xe904, 0xe904, 0xe904, 0xe904, 0xe904, 0xe904, 0xe904, 0xe904, 0xe904, 0xe904, 0xe904, 0xe904, 0xe904, 0xe904, 0xe904, 0xe904, 0xe904, 0xe904, 0xe904, 0xe904, 0xe904, 0xe904, 0xe904, 0xe904, 0xe904, 0xe904, 0xe904, 0xe904, 0xe904, 0xe904, 0xe904, 0xe904, 0xe904, 0xe904, 0xe904, 0xe904, 0xe904, 0xe904, 0xe904, 0xe904, 0xe904, 0xe904, 0xe904, 0xe904, 0xe904, 0xe904, 0xe904, 0xe904, 0xe904, 0xe904, 0xe904, 0xe904, 0xe904, 0xe904, 0xe8e4, 0xe8e4, 0xe8e4, 0xe0e4, 0xe0e4, 0xe0e4, 0xe0e3, 0xd8c3, 0xd8c3, 0xd8c3, 0xd8c3, 0xd0c3, 0xd0a3, 0xd0a3, 0xc8a3, 0xc8a3, 0xc8a2, 0xc082, 0xc082, 0xc082, 0xb882, 0xb882, 0xb062, 0xb062, 0xb061, 0xa861, 0xa841, 0xa841, 0xa041, 0xa041, 0xa041, 0xa021, 0x9821, 0x9820, 0x9820, 0x9020, 0x9020, 0x9020, 0x9000, 0x8800, 0x8800, 0x8800, 0x8800, 0x8800, 0x8000, 0x8000, 0x8000, 
    0x8000, 0x8000, 0x8000, 0x8000, 0x8000, 0x8000, 0x8000, 0x8800, 0x8800, 0x8800, 0x8800, 0x8800, 0x8800, 0x9020, 0x9020, 0x9020, 0x9020, 0x9820, 0x9820, 0x9821, 0xa041, 0xa041, 0xa041, 0xa041, 0xa841, 0xa861, 0xa861, 0xb061, 0xb062, 0xb062, 0xb882, 0xb882, 0xb882, 0xc082, 0xc082, 0xc082, 0xc8a2, 0xc8a3, 0xc8a3, 0xd0a3, 0xd0a3, 0xd0c3, 0xd0c3, 0xd8c3, 0xd8c3, 0xd8c3, 0xe0e3, 0xe0e4, 0xe0e4, 0xe0e4, 0xe0e4, 0xe8e4, 0xe8e4, 0xe8e4, 0xe904, 0xe904, 0xe904, 0xe904, 0xe904, 0xe904, 0xe904, 0xe904, 0xe904, 0xe904, 0xe904, 0xe904, 0xe904, 0xe904, 0xe904, 0xe904, 0xe904, 0xe904, 0xe904, 0xe904, 0xe904, 0xe904, 0xe904, 0xe904, 0xe904, 0xe904, 0xe904, 0xe904, 0xe904, 0xe904, 0xe904, 0xe904, 0xe904, 0xe904, 0xe904, 0xe904, 0xe904, 0xe904, 0xe904, 0xe904, 0xe904, 0xe904, 0xe904, 0xe904, 0xe904, 0xe904, 0xe904, 0xe904, 0xe904, 0xe904, 0xe904, 0xe904, 0xe904, 0xe904, 0xe904, 0xe904, 0xe904, 0xe904, 0xe904, 0xe904, 0xe904, 0xe904, 0xe904, 0xe904, 0xe904, 0xe904, 0xe904, 0xe904, 0xe904, 0xe904, 0xe904, 0xe904, 0xe904, 0xe904, 0xe904, 0xe904, 0xe904, 0xe904, 0xe904, 0xe904, 0xe904, 0xe904, 0xe904, 0xe904, 0xe904, 0xe904, 0xe904, 0xe904, 0xe904, 0xe904, 0xe904, 0xe904, 0xe904, 0xe904, 0xe8e4, 0xe8e4, 0xe8e4, 0xe0e4, 0xe0e4, 0xe0e4, 0xe0e3, 0xd8c3, 0xd8c3, 0xd8c3, 0xd8c3, 0xd0c3, 0xd0a3, 0xd0a3, 0xc8a3, 0xc8a3, 0xc8a2, 0xc082, 0xc082, 0xc082, 0xb882, 0xb882, 0xb062, 0xb062, 0xb061, 0xa861, 0xa841, 0xa841, 0xa041, 0xa041, 0xa041, 0x9821, 0x9821, 0x9820, 0x9820, 0x9020, 0x9020, 0x9020, 0x9000, 0x8800, 0x8800, 0x8800, 0x8800, 0x8800, 0x8000, 0x8000, 0x8000, 
    0x8000, 0x8000, 0x8000, 0x8000, 0x8000, 0x8000, 0x8000, 0x8800, 0x8800, 0x8800, 0x8800, 0x8800, 0x8800, 0x9020, 0x9020, 0x9020, 0x9020, 0x9820, 0x9820, 0x9821, 0xa041, 0xa041, 0xa041, 0xa041, 0xa841, 0xa861, 0xa861, 0xb061, 0xb062, 0xb062, 0xb882, 0xb882, 0xb882, 0xc082, 0xc082, 0xc082, 0xc8a2, 0xc8a3, 0xc8a3, 0xd0a3, 0xd0a3, 0xd0c3, 0xd0c3, 0xd8c3, 0xd8c3, 0xd8c3, 0xe0e3, 0xe0e4, 0xe0e4, 0xe0e4, 0xe0e4, 0xe8e4, 0xe8e4, 0xe8e4, 0xe904, 0xe904, 0xe904, 0xe904, 0xe904, 0xe904, 0xe904, 0xe904, 0xe904, 0xe904, 0xe904, 0xe904, 0xe904, 0xe904, 0xe904, 0xe904, 0xe904, 0xe904, 0xe904, 0xe904, 0xe904, 0xe904, 0xe904, 0xe904, 0xe904, 0xe904, 0xe904, 0xe904, 0xe904, 0xe904, 0xe904, 0xe904, 0xe904, 0xe904, 0xe904, 0xe904, 0xe904, 0xe904, 0xe904, 0xe904, 0xe904, 0xe904, 0xe904, 0xe904, 0xe904, 0xe904, 0xe904, 0xe904, 0xe904, 0xe904, 0xe904, 0xe904, 0xe904, 0xe904, 0xe904, 0xe904, 0xe904, 0xe904, 0xe904, 0xe904, 0xe904, 0xe904, 0xe904, 0xe904, 0xe904, 0xe904, 0xe904, 0xe904, 0xe904, 0xe904, 0xe904, 0xe904, 0xe904, 0xe904, 0xe904, 0xe904, 0xe904, 0xe904, 0xe904, 0xe904, 0xe904, 0xe904, 0xe904, 0xe904, 0xe904, 0xe904, 0xe904, 0xe904, 0xe904, 0xe904, 0xe904, 0xe904, 0xe904, 0xe904, 0xe8e4, 0xe8e4, 0xe8e4, 0xe0e4, 0xe0e4, 0xe0e4, 0xe0e3, 0xd8c3, 0xd8c3, 0xd8c3, 0xd8c3, 0xd0c3, 0xd0a3, 0xd0a3, 0xc8a3, 0xc8a3, 0xc8a2, 0xc082, 0xc082, 0xc082, 0xb882, 0xb882, 0xb062, 0xb062, 0xb061, 0xa861, 0xa841, 0xa841, 0xa041, 0xa041, 0xa041, 0x9821, 0x9821, 0x9820, 0x9820, 0x9020, 0x9020, 0x9020, 0x9000, 0x8800, 0x8800, 0x8800, 0x8800, 0x8800, 0x8000, 0x8000, 0x8000, 
    0x8000, 0x8000, 0x8000, 0x8000, 0x8000, 0x8000, 0x8000, 0x8800, 0x8800, 0x8800, 0x8800, 0x8800, 0x8800, 0x9020, 0x9020, 0x9020, 0x9020, 0x9820, 0x9820, 0x9821, 0xa041, 0xa041, 0xa041, 0xa041, 0xa841, 0xa861, 0xa861, 0xb061, 0xb062, 0xb062, 0xb882, 0xb882, 0xb882, 0xc082, 0xc082, 0xc082, 0xc8a2, 0xc8a3, 0xc8a3, 0xd0a3, 0xd0a3, 0xd0c3, 0xd0c3, 0xd8c3, 0xd8c3, 0xd8c3, 0xe0e3, 0xd0e3, 0xa943, 0x7982, 0x59a1, 0x59a1, 0x59a1, 0x59a1, 0x59a1, 0x59a1, 0x5981, 0x5961, 0xb923, 0xa963, 0x69a2, 0x59a1, 0x59a1, 0x59a1, 0x61a1, 0x61a1, 0x59a1, 0x4921, 0x8922, 0x71a2, 0x59a1, 0x61a1, 0x61a1, 0x59a1, 0x5981, 0xb923, 0xe904, 0xe904, 0x9182, 0x61a1, 0x61a1, 0x61a1, 0x59a1, 0x61a1, 0x59a1, 0x59a1, 0x8102, 0x9162, 0x59a1, 0x59a1, 0xd0e4, 0xb943, 0x59a1, 0x61a1, 0xb903, 0xe904, 0xe904, 0x7182, 0x61a1, 0x8182, 0xe904, 0xe904, 0xe904, 0xe904, 0xe904, 0xe904, 0xe904, 0x6922, 0x59a1, 0x69a2, 0xe104, 0xe904, 0xe904, 0x90e2, 0x5981, 0x61a1, 0xa163, 0xe904, 0xa903, 0x5141, 0x59a1, 0x59a1, 0x61a1, 0x61a1, 0x59a1, 0x61a1, 0x71a2, 0xc943, 0xd104, 0x5121, 0x5961, 0x61a1, 0x59a1, 0x61a1, 0x61a1, 0x59a1, 0x61a2, 0x9963, 0x48e1, 0x4921, 0x59a1, 0x59a1, 0x61a1, 0x61a1, 0x61a1, 0x8982, 0xc143, 0xe904, 0xe8e4, 0xe8e4, 0xe8e4, 0xe0e4, 0xe0e4, 0xe0e4, 0xe0e3, 0xd8c3, 0xd8c3, 0xd8c3, 0xd8c3, 0xd0c3, 0xd0a3, 0xd0a3, 0xc8a3, 0xc8a3, 0xc8a2, 0xc082, 0xc082, 0xc082, 0xb882, 0xb882, 0xb062, 0xb062, 0xb061, 0xa861, 0xa841, 0xa841, 0xa041, 0xa041, 0xa041, 0x9821, 0x9821, 0x9820, 0x9820, 0x9020, 0x9020, 0x9020, 0x9000, 0x8800, 0x8800, 0x8800, 0x8800, 0x8800, 0x8000, 0x8000, 0x8000, 
    0x8000, 0x8000, 0x8000, 0x8000, 0x8000, 0x8000, 0x8000, 0x8800, 0x8800, 0x8800, 0x8800, 0x8800, 0x8800, 0x9020, 0x9020, 0x9020, 0x9020, 0x9820, 0x9820, 0x9821, 0xa041, 0xa041, 0xa041, 0xa041, 0xa841, 0xa861, 0xa861, 0xb061, 0xb062, 0xb062, 0xb882, 0xb882, 0xb882, 0xc082, 0xc082, 0xc082, 0xc8a2, 0xc8a3, 0xc8a3, 0xd0a3, 0xd0a3, 0xd0c3, 0xd0c3, 0xd8c3, 0xd8c3, 0xd8c3, 0xe2c5, 0xff48, 0xffa8, 0xffa8, 0xffa8, 0xffa8, 0xffa8, 0xffa8, 0xffa8, 0xef48, 0x62e2, 0x3181, 0x9cc5, 0xffa8, 0xffa8, 0xffa8, 0xffa8, 0xffa8, 0xffa8, 0xffa8, 0xbda6, 0x0860, 0xe6e8, 0xffa9, 0xffa9, 0xffa8, 0xffa9, 0xef28, 0x6b63, 0x39a1, 0x8942, 0xea45, 0xffa9, 0xffa9, 0xffa9, 0xffa9, 0xffa9, 0xffa9, 0xffa9, 0xffa9, 0x6102, 0xff08, 0xffa9, 0xc5e6, 0xc8e3, 0xf487, 0xffa9, 0xffa9, 0xa1c3, 0xe904, 0xe904, 0xfea8, 0xffa9, 0xfe48, 0xe904, 0xe904, 0xe904, 0xe904, 0xe904, 0xe904, 0xe904, 0x7283, 0xffa9, 0xffa9, 0xf366, 0xe904, 0xe904, 0x78a2, 0xa4e5, 0xffa9, 0xffa9, 0xb123, 0x2940, 0x7383, 0xffa9, 0xffa9, 0xffa9, 0xffa9, 0xffa9, 0xffa9, 0xffa9, 0xf728, 0x3921, 0x2920, 0x8c44, 0xffa9, 0xffa9, 0xffa9, 0xffa9, 0xffa9, 0xffa9, 0xffa9, 0xce27, 0x1060, 0xad46, 0xffa9, 0xffa9, 0xffa8, 0xffa8, 0xffa8, 0xffa8, 0xfe27, 0xe944, 0xe8e4, 0xe8e4, 0xe0e4, 0xe0e4, 0xe0e4, 0xe0e3, 0xd8c3, 0xd8c3, 0xd8c3, 0xd8c3, 0xd0c3, 0xd0a3, 0xd0a3, 0xc8a3, 0xc8a3, 0xc8a2, 0xc082, 0xc082, 0xc082, 0xb882, 0xb882, 0xb062, 0xb062, 0xb061, 0xa861, 0xa841, 0xa841, 0xa041, 0xa041, 0xa041, 0x9821, 0x9821, 0x9820, 0x9820, 0x9020, 0x9020, 0x9020, 0x9000, 0x8800, 0x8800, 0x8800, 0x8800, 0x8800, 0x8000, 0x8000, 0x8000, 
    0x8000, 0x8000, 0x8000, 0x8000, 0x8000, 0x8000, 0x8000, 0x8800, 0x8800, 0x8800, 0x8800, 0x8800, 0x9000, 0x9020, 0x9020, 0x9020, 0x9020, 0x9820, 0x9820, 0x9821, 0xa041, 0xa041, 0xa041, 0xa041, 0xa841, 0xa861, 0xa861, 0xb061, 0xb062, 0xb062, 0xb882, 0xb882, 0xb882, 0xc082, 0xc082, 0xc082, 0xc8a2, 0xc8a3, 0xc8a3, 0xd0a3, 0xd0a3, 0xd0c3, 0xd0c3, 0xd8c3, 0xd8c3, 0xe224, 0xff68, 0xffa8, 0xffa8, 0xffa8, 0xffa8, 0xffa8, 0xffa8, 0xffa8, 0xffa8, 0xffa8, 0xef48, 0x39e1, 0x8c44, 0xffa8, 0xffa8, 0xffa8, 0xffa8, 0xffa8, 0xffa8, 0xffa8, 0xbda6, 0x1080, 0xe6e8, 0xffa8, 0xffa8, 0xffa9, 0xffa8, 0xffa9, 0xffa8, 0x9cc5, 0x3181, 0x9223, 0xffa9, 0xffa9, 0xffa9, 0xffa9, 0xffa9, 0xffa9, 0xffa9, 0xffa9, 0x6902, 0xff08, 0xffa9, 0xc5e6, 0xc8e3, 0xf486, 0xffa9, 0xffa9, 0x7bc4, 0xc103, 0xe904, 0xfea8, 0xffa9, 0xfe48, 0xe904, 0xe904, 0xe904, 0xe904, 0xe904, 0xe904, 0xe904, 0x7283, 0xffa9, 0xffa9, 0xf366, 0xe904, 0xe904, 0x78a2, 0xa4e5, 0xffa9, 0xffa9, 0x78e2, 0x5282, 0xffa9, 0xffa9, 0xffa9, 0xffa9, 0xffa9, 0xffa9, 0xffa9, 0xffa9, 0xef08, 0x10a0, 0x7383, 0xffa9, 0xffa9, 0xffa9, 0xffa9, 0xffa9, 0xffa9, 0xffa9, 0xffa9, 0xce27, 0x10a0, 0xb566, 0xffa9, 0xffa8, 0xffa9, 0xffa8, 0xffa8, 0xffa8, 0xffa8, 0xf627, 0xe944, 0xe8e4, 0xe0e4, 0xe0e4, 0xe0e4, 0xe0e3, 0xd8c3, 0xd8c3, 0xd8c3, 0xd8c3, 0xd0c3, 0xd0a3, 0xd0a3, 0xc8a3, 0xc8a3, 0xc8a2, 0xc082, 0xc082, 0xc082, 0xb882, 0xb882, 0xb062, 0xb062, 0xb061, 0xa861, 0xa841, 0xa841, 0xa041, 0xa041, 0xa041, 0x9821, 0x9821, 0x9820, 0x9820, 0x9020, 0x9020, 0x9020, 0x9000, 0x8800, 0x8800, 0x8800, 0x8800, 0x8800, 0x8000, 0x8000, 0x8000, 
    0x8000, 0x8000, 0x8000, 0x8000, 0x8000, 0x8000, 0x8000, 0x8800, 0x8800, 0x8800, 0x8800, 0x8800, 0x8800, 0x9020, 0x9020, 0x9020, 0x9020, 0x9820, 0x9820, 0x9821, 0xa041, 0xa041, 0xa041, 0xa041, 0xa841, 0xa861, 0xa861, 0xb061, 0xb062, 0xb062, 0xb882, 0xb882, 0xb882, 0xc082, 0xc082, 0xc082, 0xc8a2, 0xc8a3, 0xc8a3, 0xd0a3, 0xd0a3, 0xd0c3, 0xd0c3, 0xd8c3, 0xd8c3, 0xe2c5, 0xffa8, 0xffa8, 0xc5e6, 0xa505, 0xef28, 0xffa8, 0xef28, 0xa505, 0xc607, 0xffa8, 0xffa8, 0x4a42, 0x8c24, 0xffa8, 0xffa8, 0xb566, 0xa505, 0xf547, 0xff88, 0xffa8, 0xbda6, 0x1080, 0xe6e8, 0xffa8, 0xe708, 0xa505, 0xeea8, 0xffa9, 0xffa8, 0xffa9, 0x62e3, 0x8203, 0xffa9, 0xffa9, 0xce47, 0xdd46, 0xf567, 0xf567, 0xf547, 0xf547, 0xc924, 0xff08, 0xffa9, 0xc5e6, 0xc8e3, 0xf486, 0xffa9, 0xffa9, 0xf768, 0x6242, 0xe104, 0xfea8, 0xffa9, 0xfe48, 0xe904, 0xe904, 0xe904, 0xe904, 0xe904, 0xe904, 0xe904, 0x7a83, 0xffa9, 0xffa9, 0xf366, 0xe904, 0xe904, 0x78c2, 0xa4e5, 0xffa9, 0xffa9, 0x78e2, 0x6b43, 0xffa9, 0xffa9, 0xfde7, 0xf547, 0xf567, 0xf547, 0xf567, 0xf567, 0xdce6, 0x1080, 0x8c45, 0xffa9, 0xffa9, 0xfda7, 0xf547, 0xf547, 0xf547, 0xf547, 0xf547, 0x8c24, 0x1080, 0xb566, 0xffa8, 0xff88, 0xf547, 0xbd26, 0xad25, 0xb586, 0xffa8, 0xffa8, 0xf4e7, 0xe8e4, 0xe0e4, 0xe0e4, 0xe0e4, 0xe0e3, 0xd8c3, 0xd8c3, 0xd8c3, 0xd8c3, 0xd0c3, 0xd0a3, 0xd0a3, 0xc8a3, 0xc8a3, 0xc8a2, 0xc082, 0xc082, 0xc082, 0xb882, 0xb882, 0xb062, 0xb062, 0xb061, 0xa861, 0xa841, 0xa841, 0xa041, 0xa041, 0xa041, 0xa021, 0x9821, 0x9820, 0x9820, 0x9020, 0x9020, 0x9020, 0x9000, 0x8800, 0x8800, 0x8800, 0x8800, 0x8800, 0x8000, 0x8000, 0x8000, 
    0x8000, 0x8000, 0x8000, 0x8000, 0x8000, 0x8000, 0x8000, 0x8800, 0x8800, 0x8800, 0x8800, 0x8800, 0x8800, 0x9020, 0x9020, 0x9020, 0x9020, 0x9820, 0x9820, 0x9821, 0xa041, 0xa041, 0xa041, 0xa041, 0xa841, 0xa861, 0xa861, 0xb061, 0xb062, 0xb062, 0xb882, 0xb882, 0xb882, 0xc082, 0xc082, 0xc082, 0xc8a2, 0xc8a3, 0xc8a3, 0xd0a3, 0xd0a3, 0xd0c3, 0xd0c3, 0xd8c3, 0xd8c3, 0xe2c5, 0xffa8, 0xffa8, 0x5ae3, 0x0840, 0xd667, 0xffa8, 0xce27, 0x0840, 0x6303, 0xffa8, 0xffa8, 0x4a42, 0x8c24, 0xffa8, 0xffa8, 0x2961, 0x0840, 0xe0e4, 0xff28, 0xffa8, 0xbda6, 0x10a0, 0xe6e8, 0xffa8, 0xc5e6, 0x3861, 0xe164, 0xfe27, 0xffa9, 0xffa8, 0x6303, 0x8203, 0xffa9, 0xffa9, 0x83e4, 0x48a1, 0x70c2, 0x70c2, 0xa0c3, 0xe904, 0xe904, 0xff08, 0xffa9, 0xc5e6, 0xc8e3, 0xf486, 0xffa9, 0xffa9, 0xffa9, 0xd687, 0x6962, 0xfea8, 0xffa9, 0xfe48, 0xe904, 0xe904, 0xe904, 0xe904, 0xe904, 0xe904, 0xe904, 0x7a83, 0xffa9, 0xffa9, 0xf366, 0xe904, 0xe904, 0x80c2, 0xa4e5, 0xffa9, 0xffa9, 0x78e2, 0x6b43, 0xffa9, 0xffa9, 0x9284, 0x70c2, 0x70c2, 0x70c2, 0x70c2, 0x9923, 0xb8c3, 0x0860, 0x8c44, 0xffa9, 0xffa9, 0x81a3, 0x70c2, 0x70c2, 0x70c2, 0x78e2, 0xc923, 0x1840, 0x0860, 0xad46, 0xffa8, 0xf768, 0x70c2, 0x2060, 0x1080, 0x39c1, 0xffa8, 0xffa8, 0xf547, 0xe8e4, 0xe0e4, 0xe0e4, 0xe0e4, 0xe0e3, 0xd8c3, 0xd8c3, 0xd8c3, 0xd8c3, 0xd0c3, 0xd0a3, 0xd0a3, 0xc8a3, 0xc8a3, 0xc8a2, 0xc082, 0xc082, 0xc082, 0xb882, 0xb882, 0xb062, 0xb062, 0xb061, 0xa861, 0xa841, 0xa841, 0xa041, 0xa041, 0xa041, 0x9821, 0x9821, 0x9820, 0x9820, 0x9020, 0x9020, 0x9020, 0x9000, 0x8800, 0x8800, 0x8800, 0x8800, 0x8800, 0x8000, 0x8000, 0x8000, 
    0x8000, 0x8000, 0x8000, 0x8000, 0x8000, 0x8000, 0x8000, 0x8800, 0x8800, 0x8800, 0x8800, 0x8800, 0x8800, 0x9020, 0x9020, 0x9020, 0x9020, 0x9820, 0x9820, 0x9821, 0xa041, 0xa041, 0xa041, 0xa041, 0xa841, 0xa861, 0xa861, 0xb061, 0xb062, 0xb062, 0xb882, 0xb882, 0xb882, 0xc082, 0xc082, 0xc082, 0xc8a2, 0xc8a3, 0xc8a3, 0xd0a3, 0xd0a3, 0xd0c3, 0xd0c3, 0xd8c3, 0xd8c3, 0xe2c5, 0xffa8, 0xffa8, 0x5ae3, 0x0860, 0xd687, 0xffa8, 0xce27, 0x0860, 0x6b23, 0xffa8, 0xffa8, 0x4a42, 0x8c24, 0xffa8, 0xffa8, 0x3181, 0x18c0, 0xe0e4, 0xff28, 0xffa8, 0xbda6, 0x10a0, 0xb2e4, 0xf346, 0xe2a5, 0xe904, 0xe904, 0xf386, 0xffa8, 0xffa8, 0x62e3, 0x8203, 0xffa9, 0xffa9, 0xce27, 0xa4e5, 0xa4e5, 0x8c44, 0x70a2, 0xe904, 0xe904, 0xff08, 0xffa9, 0xc5e6, 0xc8e3, 0xf486, 0xffa9, 0xffa9, 0xffa9, 0xffa9, 0xa505, 0xdea7, 0xffa9, 0xfe48, 0xe904, 0xe904, 0xe904, 0xe904, 0xe904, 0xe904, 0xe904, 0x7a83, 0xffa9, 0xffa9, 0xf366, 0xe904, 0xe904, 0x80c2, 0xa4e5, 0xffa9, 0xffa9, 0x78e2, 0x6b43, 0xffa9, 0xffa9, 0xbda6, 0xa4e5, 0xa4e5, 0xa4e5, 0xa4e5, 0xa4e5, 0xac65, 0x0860, 0x8c24, 0xffa9, 0xffa9, 0xad45, 0xa4e5, 0xa4e5, 0xa4e5, 0xa4e5, 0xa4e5, 0x7ba4, 0x0840, 0xad46, 0xffa8, 0xff88, 0xa4e5, 0xa4e5, 0x9cc5, 0xa505, 0xffa8, 0xffa8, 0xf547, 0xe8e4, 0xe0e4, 0xe0e4, 0xe0e4, 0xe0e3, 0xd8c3, 0xd8c3, 0xd8c3, 0xd8c3, 0xd0c3, 0xd0a3, 0xd0a3, 0xc8a3, 0xc8a3, 0xc8a2, 0xc082, 0xc082, 0xc082, 0xb882, 0xb882, 0xb062, 0xb062, 0xb061, 0xa861, 0xa841, 0xa841, 0xa041, 0xa041, 0xa041, 0x9821, 0x9821, 0x9820, 0x9820, 0x9020, 0x9020, 0x9020, 0x9000, 0x8800, 0x8800, 0x8800, 0x8800, 0x8800, 0x8000, 0x8000, 0x8000, 
    0x8000, 0x8000, 0x8000, 0x8000, 0x8000, 0x8000, 0x8000, 0x8800, 0x8800, 0x8800, 0x8800, 0x8800, 0x8800, 0x9020, 0x9020, 0x9020, 0x9020, 0x9820, 0x9820, 0x9821, 0xa041, 0xa041, 0xa041, 0xa041, 0xa841, 0xa861, 0xa861, 0xb061, 0xb062, 0xb062, 0xb882, 0xb882, 0xb882, 0xc082, 0xc082, 0xc082, 0xc8a2, 0xc8a3, 0xc8a3, 0xd0a3, 0xd0a3, 0xd0c3, 0xd0c3, 0xd8c3, 0xd8c3, 0xe2c5, 0xff88, 0xffa8, 0x5ae3, 0x0860, 0xd687, 0xffa8, 0xce27, 0x0860, 0x6b23, 0xffa8, 0xffa8, 0x4a42, 0x8c24, 0xffa8, 0xffa8, 0x39a1, 0x2120, 0x9162, 0xf728, 0xffa8, 0xbda6, 0x10a0, 0x80c2, 0xc8c3, 0xc8c3, 0xd8e4, 0xd8e4, 0xdb65, 0xffa8, 0xffa8, 0x62e3, 0x81e3, 0xffa9, 0xffa9, 0xffa9, 0xffa9, 0xffa9, 0xd687, 0x60a2, 0xc8c3, 0xd0e4, 0xff08, 0xffa9, 0xc5e6, 0xc0e3, 0xe486, 0xffa9, 0xffa9, 0xde47, 0xffa9, 0xffa9, 0xff88, 0xffa9, 0xfe48, 0xe904, 0xe904, 0xe904, 0xe0e4, 0xc8c3, 0xd0e3, 0xe904, 0x7a83, 0xffa9, 0xffa9, 0xdb45, 0xe904, 0xe904, 0x78c2, 0xa505, 0xffa9, 0xffa9, 0x68c2, 0x6b43, 0xffa9, 0xffa9, 0xffa9, 0xffa9, 0xffa9, 0xffa9, 0xffa9, 0xffa9, 0xef08, 0x0860, 0x8c44, 0xffa9, 0xffa9, 0xffa9, 0xffa9, 0xffa9, 0xffa8, 0xffa9, 0xffa8, 0xce27, 0x0860, 0xad46, 0xffa8, 0xffa8, 0xffa8, 0xffa8, 0xffa8, 0xffa8, 0xffa8, 0xffa8, 0xf547, 0xe8e4, 0xe0e4, 0xe0e4, 0xe0e4, 0xe0e3, 0xd8c3, 0xd8c3, 0xd8c3, 0xd8c3, 0xd0c3, 0xd0a3, 0xd0a3, 0xc8a3, 0xc8a3, 0xc8a2, 0xc082, 0xc082, 0xc082, 0xb882, 0xb882, 0xb062, 0xb062, 0xb061, 0xa861, 0xa841, 0xa841, 0xa041, 0xa041, 0xa041, 0x9821, 0x9821, 0x9820, 0x9820, 0x9020, 0x9020, 0x9020, 0x9000, 0x8800, 0x8800, 0x8800, 0x8800, 0x8800, 0x8000, 0x8000, 0x8000, 
    0x8000, 0x8000, 0x8000, 0x8000, 0x8000, 0x8000, 0x8000, 0x8800, 0x8800, 0x8800, 0x8800, 0x8800, 0x8800, 0x9020, 0x9020, 0x9020, 0x9020, 0x9820, 0x9820, 0x9821, 0xa041, 0xa041, 0xa041, 0xa041, 0xa841, 0xa861, 0xa861, 0xb061, 0xb062, 0xb062, 0xb882, 0xb882, 0xb882, 0xc082, 0xc082, 0xc082, 0xc8a2, 0xc8a3, 0xc8a3, 0xd0a3, 0xd0a3, 0xd0c3, 0xd0c3, 0xd8c3, 0xd8c3, 0xe2c5, 0xff88, 0xffa8, 0x5ae3, 0x0860, 0xd687, 0xffa8, 0xce27, 0x0860, 0x6b23, 0xffa8, 0xffa8, 0x4a42, 0x8c24, 0xffa8, 0xffa8, 0x83e4, 0x7ba3, 0x7ba3, 0xf748, 0xffa8, 0xbda6, 0x0860, 0x3881, 0x4161, 0x39a1, 0x3141, 0x5881, 0x9b24, 0xffa8, 0xffa8, 0x62e3, 0x59c2, 0xffa8, 0xffa8, 0xffa9, 0xffa8, 0xffa8, 0xd687, 0x5061, 0x6061, 0x90a2, 0xff08, 0xffa9, 0xc5c6, 0xa0c3, 0xb445, 0xffa9, 0xffa9, 0xb204, 0xfee8, 0xffa9, 0xffa9, 0xffa9, 0xfe48, 0xe904, 0xe904, 0xe904, 0xd8e4, 0x6061, 0x6061, 0xb8c3, 0x7a83, 0xffa9, 0xffa9, 0x9b04, 0x8882, 0xd8e4, 0x40a1, 0xa505, 0xffa9, 0xffa9, 0x60a1, 0x7b44, 0xffa9, 0xffa9, 0xffa9, 0xffa9, 0xffa9, 0xffa9, 0xffa9, 0xffa9, 0xef08, 0x4061, 0x8c45, 0xffa9, 0xffa9, 0xffa8, 0xffa8, 0xffa9, 0xffa8, 0xffa8, 0xffa8, 0xce27, 0x0860, 0xad46, 0xffa8, 0xffa8, 0xffa8, 0xffa8, 0xffa8, 0xffa8, 0xffa8, 0xffa8, 0xf547, 0xe8e4, 0xe0e4, 0xe0e4, 0xe0e4, 0xe0e3, 0xd8c3, 0xd8c3, 0xd8c3, 0xd8c3, 0xd0c3, 0xd0a3, 0xd0a3, 0xc8a3, 0xc8a3, 0xc8a2, 0xc082, 0xc082, 0xc082, 0xb882, 0xb882, 0xb062, 0xb062, 0xb061, 0xa861, 0xa841, 0xa841, 0xa041, 0xa041, 0xa041, 0x9821, 0x9821, 0x9820, 0x9820, 0x9020, 0x9020, 0x9020, 0x9000, 0x8800, 0x8800, 0x8800, 0x8800, 0x8800, 0x8000, 0x8000, 0x8000, 
    0x8000, 0x8000, 0x8000, 0x8000, 0x8000, 0x8000, 0x8000, 0x8800, 0x8800, 0x8800, 0x8800, 0x8800, 0x8800, 0x9020, 0x9020, 0x9020, 0x9020, 0x9820, 0x9820, 0x9821, 0xa041, 0xa041, 0xa041, 0xa041, 0xa841, 0xa861, 0xa861, 0xb061, 0xb062, 0xb062, 0xb882, 0xb882, 0xb882, 0xc082, 0xc082, 0xc082, 0xc8a2, 0xc8a3, 0xc8a3, 0xd0a3, 0xd0a3, 0xd0c3, 0xd0c3, 0xd8c3, 0xd8c3, 0xe2c5, 0xff88, 0xff88, 0x5ae3, 0x0860, 0xd687, 0xffa8, 0xce27, 0x0860, 0x6b23, 0xffa8, 0xffa8, 0x4a42, 0x8c24, 0xffa8, 0xffa8, 0xffa8, 0xffa8, 0xffa8, 0xffa8, 0xffa8, 0xbda6, 0x0860, 0xbda6, 0xce27, 0xa4e5, 0x2100, 0x4901, 0x9384, 0xffa8, 0xffa8, 0x62e3, 0x51c2, 0xffa8, 0xffa8, 0xa4e5, 0x30e1, 0x48e1, 0x48c1, 0x50c1, 0x50e1, 0xa103, 0xf708, 0xffa9, 0xc5c6, 0xa8c3, 0xb445, 0xffa9, 0xffa9, 0x6142, 0x8a23, 0xff88, 0xffa9, 0xffa9, 0xfe48, 0xe904, 0xe904, 0xe904, 0xe904, 0xa8a3, 0x6061, 0x6061, 0x6283, 0xffa9, 0xffa9, 0x9344, 0x50e1, 0x6902, 0x50c1, 0xa505, 0xffa9, 0xffa9, 0x58a1, 0x4081, 0x48e1, 0x48e1, 0x5902, 0x7922, 0x40e1, 0x2101, 0xc5e6, 0xffa9, 0xef08, 0x4041, 0x48a1, 0x5902, 0x7922, 0x50e2, 0x48e1, 0x20e1, 0x2941, 0xdea7, 0xffa8, 0xce27, 0x0860, 0xad46, 0xffa8, 0xf788, 0xe708, 0xffa8, 0xffa8, 0xfe47, 0xe9a4, 0xe984, 0xe944, 0xe8e4, 0xe0e4, 0xe0e4, 0xe0e4, 0xe0e3, 0xd8c3, 0xd8c3, 0xd8c3, 0xd8c3, 0xd0c3, 0xd0a3, 0xd0a3, 0xc8a3, 0xc8a3, 0xc8a2, 0xc082, 0xc082, 0xc082, 0xb882, 0xb882, 0xb062, 0xb062, 0xb061, 0xa861, 0xa841, 0xa841, 0xa041, 0xa041, 0xa041, 0x9821, 0x9821, 0x9820, 0x9820, 0x9020, 0x9020, 0x9020, 0x9000, 0x8800, 0x8800, 0x8800, 0x8800, 0x8800, 0x8000, 0x8000, 0x8000, 
    0x8000, 0x8000, 0x8000, 0x8000, 0x8000, 0x8000, 0x8000, 0x8800, 0x8800, 0x8800, 0x8800, 0x8800, 0x8800, 0x9020, 0x9020, 0x9020, 0x9020, 0x9820, 0x9820, 0x9821, 0xa041, 0xa041, 0xa041, 0xa041, 0xa841, 0xa861, 0xa861, 0xb061, 0xb062, 0xb062, 0xb882, 0xb882, 0xb882, 0xc082, 0xc082, 0xc082, 0xc8a2, 0xc8a3, 0xc8a3, 0xd0a3, 0xd0a3, 0xd0c3, 0xd0c3, 0xd8c3, 0xd8c3, 0xe2c5, 0xffa8, 0xffa8, 0x5ae3, 0x0860, 0xd687, 0xffa8, 0xce27, 0x0860, 0x6b23, 0xffa8, 0xffa8, 0x4a42, 0x8c24, 0xffa8, 0xffa8, 0xffa8, 0xffa8, 0xffa8, 0xffa8, 0xffa8, 0xbda6, 0x0860, 0xe6e8, 0xffa8, 0xce27, 0x4a41, 0x7ba3, 0xef48, 0xffa8, 0xffa8, 0x62e3, 0x71c2, 0xffa8, 0xffa8, 0xad25, 0x4a41, 0x4a21, 0x4a21, 0x4a42, 0x4a42, 0x60e2, 0xf708, 0xffa9, 0xc5c6, 0xc0e3, 0xb445, 0xffa9, 0xffa9, 0x6142, 0x6061, 0xabc5, 0xffa9, 0xffa9, 0xfe48, 0xe904, 0xe904, 0xe904, 0xe904, 0xe904, 0x9082, 0x6061, 0x6263, 0xffa9, 0xffa9, 0x8c44, 0x5262, 0x5262, 0x4221, 0xb566, 0xffa9, 0xffa9, 0x38a1, 0x3181, 0x4221, 0x4221, 0x4221, 0x4201, 0x4201, 0x39a1, 0xc5e6, 0xffa9, 0xef08, 0x1080, 0x39a1, 0x4221, 0x4221, 0x4221, 0x4201, 0x4201, 0x3181, 0xdec7, 0xffa8, 0xce07, 0x0860, 0xad46, 0xffa8, 0xf768, 0x4202, 0xf788, 0xffa8, 0xffa8, 0xf507, 0xe8e4, 0xe8e4, 0xe8e4, 0xe0e4, 0xe0e4, 0xe0e4, 0xe0e3, 0xd8c3, 0xd8c3, 0xd8c3, 0xd8c3, 0xd0c3, 0xd0a3, 0xd0a3, 0xc8a3, 0xc8a3, 0xc8a2, 0xc082, 0xc082, 0xc082, 0xb882, 0xb882, 0xb062, 0xb062, 0xb061, 0xa861, 0xa841, 0xa841, 0xa041, 0xa041, 0xa041, 0x9821, 0x9821, 0x9820, 0x9820, 0x9020, 0x9020, 0x9020, 0x9000, 0x8800, 0x8800, 0x8800, 0x8800, 0x8800, 0x8000, 0x8000, 0x8000, 
    0x8000, 0x8000, 0x8000, 0x8000, 0x8000, 0x8000, 0x8000, 0x8800, 0x8800, 0x8800, 0x8800, 0x8800, 0x8800, 0x9020, 0x9020, 0x9020, 0x9020, 0x9820, 0x9820, 0x9821, 0xa041, 0xa041, 0xa041, 0xa041, 0xa841, 0xa861, 0xa861, 0xb061, 0xb062, 0xb062, 0xb882, 0xb882, 0xb882, 0xc082, 0xc082, 0xc082, 0xc8a2, 0xc8a3, 0xc8a3, 0xd0a3, 0xd0a3, 0xd0c3, 0xd0c3, 0xd8c3, 0xd8c3, 0xe2c5, 0xff88, 0xff88, 0x5ae3, 0x0860, 0xd687, 0xffa8, 0xce27, 0x0860, 0x6b23, 0xffa8, 0xffa8, 0x4a42, 0x8c24, 0xffa8, 0xffa8, 0x6b43, 0x5283, 0x92c4, 0xf748, 0xffa8, 0xbda6, 0x0860, 0xe6e8, 0xffa8, 0xffa8, 0xffa8, 0xffa8, 0xffa8, 0xffa8, 0xf728, 0x79c3, 0xa1e3, 0xffa8, 0xffa8, 0xffa8, 0xffa8, 0xffa8, 0xffa8, 0xffa8, 0xffa8, 0x6102, 0xf708, 0xffa8, 0xc5c6, 0xc8e3, 0xc466, 0xffa8, 0xffa9, 0xa183, 0x7882, 0x6061, 0xeee8, 0xffa9, 0xfe48, 0xe904, 0xe904, 0xe904, 0xe904, 0xe904, 0xe0e4, 0x7082, 0x7a83, 0xffa9, 0xffa8, 0xffa9, 0xffa9, 0xffa9, 0xffa9, 0xffa9, 0xffa9, 0xffa8, 0x3881, 0x6b23, 0xffa9, 0xffa8, 0xffa8, 0xffa9, 0xffa9, 0xffa8, 0xffa8, 0xffa8, 0xef08, 0x0840, 0x8c24, 0xffa8, 0xffa8, 0xffa8, 0xffa8, 0xffa8, 0xffa8, 0xffa8, 0xffa8, 0xc607, 0x0840, 0xad46, 0xffa8, 0xf768, 0x1840, 0x6b63, 0xffa8, 0xffa8, 0xffa8, 0xf406, 0xe8e4, 0xe8e4, 0xe0e4, 0xe0e4, 0xe0e4, 0xe0e3, 0xd8c3, 0xd8c3, 0xd8c3, 0xd0c3, 0xd0c3, 0xd0a3, 0xd0a3, 0xc8a3, 0xc8a3, 0xc8a2, 0xc082, 0xc082, 0xc082, 0xb882, 0xb882, 0xb062, 0xb062, 0xb061, 0xa861, 0xa841, 0xa841, 0xa041, 0xa041, 0xa041, 0x9821, 0x9821, 0x9820, 0x9820, 0x9020, 0x9020, 0x9020, 0x9000, 0x8800, 0x8800, 0x8800, 0x8800, 0x8800, 0x8000, 0x8000, 0x8000, 
    0x8000, 0x8000, 0x8000, 0x8000, 0x8000, 0x8000, 0x8000, 0x8800, 0x8800, 0x8800, 0x8800, 0x8800, 0x8800, 0x9020, 0x9020, 0x9020, 0x9020, 0x9820, 0x9820, 0x9821, 0xa041, 0xa041, 0xa041, 0xa041, 0xa841, 0xa861, 0xa861, 0xb061, 0xb062, 0xb062, 0xb882, 0xb882, 0xb882, 0xc082, 0xc082, 0xc082, 0xc8a2, 0xc8a3, 0xc8a3, 0xd0a3, 0xd0a3, 0xd0c3, 0xd0c3, 0xd8c3, 0xd8c3, 0xe2c5, 0xff88, 0xff88, 0x5ae3, 0x2060, 0xe687, 0xff88, 0xce27, 0x1060, 0x9344, 0xffa8, 0xffa8, 0x4a42, 0x9424, 0xffa8, 0xffa8, 0x2941, 0x6082, 0xa8a3, 0xf708, 0xffa8, 0xbd86, 0x3081, 0xf6e8, 0xffa8, 0xffa8, 0xffa8, 0xffa8, 0xffa8, 0xde27, 0x8163, 0x98a2, 0xea45, 0xffa8, 0xffa8, 0xffa8, 0xffa8, 0xffa8, 0xffa8, 0xffa8, 0xffa8, 0x8102, 0xff08, 0xffa8, 0xc5c6, 0xd8e4, 0xdc66, 0xffa8, 0xffa8, 0xc9a4, 0xe8e4, 0xb0c3, 0xe6a7, 0xffa8, 0xfe48, 0xe904, 0xe904, 0xe904, 0xe904, 0xe904, 0xe904, 0xd0e4, 0x70e2, 0xde07, 0xffa9, 0xffa9, 0xffa9, 0xffa9, 0xffa9, 0xffa9, 0xffa9, 0xf4e7, 0x7882, 0x6b23, 0xffa8, 0xffa8, 0xffa8, 0xffa8, 0xffa8, 0xffa8, 0xffa8, 0xffa8, 0xdc26, 0x2840, 0x8c24, 0xffa8, 0xffa8, 0xffa8, 0xffa8, 0xffa8, 0xffa8, 0xffa8, 0xff88, 0xab24, 0x0820, 0xad46, 0xffa8, 0xf768, 0x6862, 0x2840, 0x9cc5, 0xffa8, 0xffa8, 0xfec8, 0xe8e4, 0xe8e4, 0xe0e4, 0xe0e4, 0xe0e4, 0xe0e3, 0xd8c3, 0xd8c3, 0xd8c3, 0xd8c3, 0xd0c3, 0xd0a3, 0xd0a3, 0xc8a3, 0xc8a3, 0xc8a2, 0xc082, 0xc082, 0xc082, 0xb882, 0xb882, 0xb062, 0xb062, 0xb061, 0xa861, 0xa841, 0xa841, 0xa041, 0xa041, 0xa041, 0x9821, 0x9821, 0x9820, 0x9820, 0x9020, 0x9020, 0x9020, 0x9000, 0x8800, 0x8800, 0x8800, 0x8800, 0x8800, 0x8000, 0x8000, 0x8000, 
    0x8000, 0x8000, 0x8000, 0x8000, 0x8000, 0x8000, 0x8000, 0x8800, 0x8800, 0x8800, 0x8800, 0x8800, 0x8800, 0x9020, 0x9020, 0x9020, 0x9020, 0x9820, 0x9820, 0x9821, 0xa041, 0xa041, 0xa041, 0xa041, 0xa841, 0xa861, 0xa861, 0xb061, 0xb062, 0xb062, 0xb882, 0xb882, 0xb882, 0xc082, 0xc082, 0xc082, 0xc8a2, 0xc8a3, 0xc8a3, 0xd0a3, 0xd0a3, 0xd0c3, 0xd0c3, 0xd8c3, 0xd8c3, 0xe1e4, 0xeca6, 0xeca6, 0xb204, 0xd8e3, 0xec26, 0xf4a6, 0xdbe5, 0xc0e3, 0xea65, 0xf4c6, 0xf4c6, 0xb9c4, 0xeae5, 0xf4a6, 0xf4a6, 0xb943, 0xe904, 0xe904, 0xf446, 0xf4a6, 0xd385, 0xd8e4, 0xf446, 0xf4a6, 0xf4a6, 0xf4a6, 0xf4a6, 0xec06, 0xc904, 0xe904, 0xe904, 0xe9a4, 0xf4a6, 0xf4a6, 0xf4a6, 0xf4a6, 0xf4a6, 0xf4a6, 0xf4a6, 0xf4a6, 0xd924, 0xf466, 0xf4c7, 0xebc6, 0xe904, 0xeae5, 0xf4a6, 0xf4a6, 0xe964, 0xe904, 0xe904, 0xec06, 0xf4a6, 0xf3e6, 0xe904, 0xe904, 0xe904, 0xe904, 0xe904, 0xe904, 0xe904, 0xe904, 0xc924, 0xf486, 0xf4c7, 0xf4c7, 0xf4c7, 0xf4c7, 0xf4c7, 0xf406, 0xe904, 0xe904, 0xca44, 0xf4a6, 0xf4a6, 0xf4a6, 0xf4a6, 0xf4a6, 0xf4a6, 0xf4a6, 0xf386, 0xe904, 0xe0e4, 0xc2c5, 0xf4a6, 0xf4a6, 0xf4a6, 0xf4a6, 0xf4a6, 0xf4a6, 0xf4a6, 0xf305, 0xe904, 0xc8e3, 0xcb45, 0xf4a6, 0xf486, 0xe904, 0xd8e4, 0xb0e3, 0xec66, 0xf4a6, 0xf426, 0xe8e4, 0xe0e4, 0xe0e4, 0xe0e4, 0xe0e4, 0xe0e3, 0xd8c3, 0xd8c3, 0xd8c3, 0xd8c3, 0xd0c3, 0xd0a3, 0xd0a3, 0xc8a3, 0xc8a3, 0xc8a2, 0xc082, 0xc082, 0xc082, 0xb882, 0xb882, 0xb062, 0xb062, 0xb061, 0xa861, 0xa861, 0xa841, 0xa041, 0xa041, 0xa041, 0xa021, 0x9821, 0x9820, 0x9820, 0x9020, 0x9020, 0x9020, 0x9000, 0x8800, 0x8800, 0x8800, 0x8800, 0x8800, 0x8000, 0x8000, 0x8000
};

const tImage MarlinLogo195x59x16 = MARLIN_LOGO_CHOSEN(195, 59);

#endif // HAS_GRAPHICAL_TFT && SHOW_BOOTSCREEN
